,Unnamed: 0,Player,Pos,Age,Tm,G,GS,MP,FG,FGA,FG%,3P,3PA,3P%,2P,2PA,2P%,eFG%,FT,FTA,FT%,ORB,DRB,TRB,AST,STL,BLK,TOV,PF,PTS,ADFS
0,0,Steven Adams,C,26,OKC,30,30,27.7,5.0,8.1,0.617,0.0,0.0,0.0,5.0,8.1,0.62,0.617,1.6,3.1,0.511,3.4,6.3,12.125,4.050000000000001,1.2,2.4,-0.75,2.0,11.6,30.625
1,1,Bam Adebayo,C,22,MIA,33,33,34.4,5.8,10.3,0.563,0.0,0.3,0.111,5.8,10.1,0.575,0.565,3.9,5.7,0.6859999999999999,2.6,8.1,13.25,6.8999999999999995,2.8,2.4,-1.45,2.7,15.6,39.49999999999999
2,2,LaMarcus Aldridge,C,34,SAS,30,30,33.0,7.9,15.3,0.513,0.4,2.0,0.4,7.1,13.3,0.53,0.539,2.9,3.4,0.835,2.1,5.5,9.625,3.75,1.2,3.8,-0.7,2.2,19.4,37.474999999999994
3,3,Nickeil Alexander-Walker,SG,21,NOP,27,0,12.6,2.0,6.0,0.34,0.55,3.1,0.341,1.0,2.9,0.33799999999999997,0.429,0.4,0.6,0.688,0.1,1.9,2.5,2.55,0.6,0.2,-0.5,1.1,5.6,11.499999999999998
4,4,Grayson Allen,SG,24,MEM,19,0,18.3,3.0,6.9,0.435,0.75,3.7,0.39399999999999996,1.5,3.2,0.483,0.542,1.1,1.2,0.87,0.2,2.4,3.125,2.25,0.6,0.2,-0.5,1.4,8.5,14.924999999999999
5,5,Jarrett Allen,C,21,BRK,32,29,26.5,4.6,7.1,0.655,0.0,0.1,0.0,4.6,7.0,0.6609999999999999,0.655,2.7,4.3,0.635,3.5,6.7,12.75,1.9500000000000002,1.4,2.8,-0.65,2.5,12.0,30.25
6,6,Kadeem Allen,SG,27,NYK,2,0,9.0,1.5,3.5,0.429,0.75,2.5,0.6,0.0,1.0,0.0,0.643,0.0,0.0,,0.0,0.0,0.0,1.5,1.0,0.0,-0.5,1.0,4.5,7.25
7,7,Al-Farouq Aminu,PF,29,ORL,18,2,21.1,1.4,4.8,0.29100000000000004,0.25,2.0,0.25,0.9,2.8,0.32,0.34299999999999997,1.1,1.6,0.655,1.3,3.5,6.0,1.7999999999999998,2.0,0.8,-0.45,1.5,4.3,14.700000000000003
8,8,Kyle Anderson,PF,26,MEM,28,2,18.3,2.2,4.8,0.466,0.1,0.9,0.20800000000000002,2.0,3.9,0.523,0.485,0.8,1.3,0.622,1.1,3.3,5.5,3.5999999999999996,1.2,1.0,-0.45,1.5,5.4,16.349999999999998
9,9,Ryan Anderson,PF,31,HOU,2,0,7.0,1.0,3.5,0.28600000000000003,0.25,2.5,0.2,0.5,1.0,0.5,0.35700000000000004,0.0,0.0,,0.0,3.5,4.375,1.5,1.0,0.0,-0.25,0.5,2.5,9.375
10,10,Giannis Antetokounmpo,PF,25,MIL,33,33,31.0,11.3,20.3,0.556,0.85,5.1,0.331,9.6,15.2,0.631,0.598,6.1,10.1,0.599,2.6,10.4,16.25,8.399999999999999,2.4,2.4,-1.8,3.2,30.4,58.9
11,11,Kostas Antetokounmpo,PF,22,LAL,2,0,1.5,0.0,0.0,,0.0,0.0,,0.0,0.0,,,0.0,0.0,,0.0,0.5,0.625,0.0,0.0,0.0,-0.0,0.0,0.0,0.625
12,12,Thanasis Antetokounmpo,SF,27,MIL,9,0,4.7,1.0,1.8,0.563,0.0,0.2,0.0,1.0,1.6,0.643,0.563,0.4,0.9,0.5,0.6,0.1,0.875,1.0499999999999998,0.2,0.2,-0.15,0.7,2.4,4.574999999999999
13,13,Carmelo Anthony,PF,35,POR,20,20,31.5,6.2,14.6,0.42100000000000004,0.8,3.9,0.40299999999999997,4.6,10.8,0.428,0.474,2.4,2.9,0.81,1.2,5.1,7.75,1.7999999999999998,2.2,1.6,-0.95,3.2,16.2,29.400000000000002
14,14,OG Anunoby,SF,22,TOR,33,32,29.6,4.4,8.8,0.49700000000000005,0.65,3.8,0.35200000000000004,3.1,5.1,0.605,0.5720000000000001,0.9,1.5,0.625,1.0,4.7,7.25,2.4000000000000004,2.2,1.6,-0.65,2.5,11.0,24.45
15,15,Ryan Arcidiacono,PG,25,CHI,34,0,15.0,1.3,3.4,0.385,0.4,2.0,0.406,0.5,1.4,0.354,0.504,0.5,0.7,0.75,0.4,1.3,2.125,2.25,0.8,0.2,-0.25,1.6,4.0,9.525
16,16,Trevor Ariza,SF,34,SAC,25,0,23.6,1.8,4.9,0.366,0.6,3.6,0.341,0.6,1.3,0.43799999999999994,0.49200000000000005,0.5,0.6,0.8,0.7,3.6,5.5,2.0999999999999996,2.0,0.4,-0.45,1.8,5.3,15.45
17,17,D.J. Augustin,PG,32,ORL,34,6,26.0,3.4,8.4,0.401,0.6,3.5,0.33899999999999997,2.2,5.0,0.444,0.47,2.7,3.0,0.903,0.4,2.0,3.0,7.199999999999999,1.4,0.0,-0.65,1.1,10.7,22.25
18,18,Deandre Ayton,C,21,PHO,4,2,27.3,7.0,13.8,0.509,0.0,0.3,0.0,7.0,13.5,0.519,0.509,0.5,0.8,0.667,4.5,7.8,15.375,1.9500000000000002,1.0,3.0,-0.75,3.0,14.5,35.075
19,19,Dwayne Bacon,SG,24,CHO,26,10,16.5,2.1,6.5,0.318,0.25,1.9,0.245,1.6,4.7,0.34700000000000003,0.353,1.0,1.4,0.6759999999999999,0.4,1.9,2.875,1.7999999999999998,1.4,0.2,-0.45,1.3,5.6,11.674999999999999
20,20,Marvin Bagley,PF,20,SAC,9,3,23.6,5.6,12.1,0.45899999999999996,0.15,1.6,0.214,5.2,10.6,0.495,0.47200000000000003,2.2,2.8,0.8,2.0,4.9,8.625,1.0499999999999998,0.8,1.8,-0.7,2.9,13.7,25.425000000000004
21,21,Lonzo Ball,PG,22,NOP,26,17,28.3,4.0,10.5,0.38299999999999995,1.1,6.1,0.361,1.8,4.5,0.414,0.48700000000000004,0.6,1.2,0.5,1.2,4.0,6.375,7.949999999999999,2.4,0.4,-1.3,1.8,10.8,27.724999999999994
22,22,Mo Bamba,C,21,ORL,30,0,15.5,2.4,5.3,0.447,0.35,2.0,0.344,1.7,3.3,0.51,0.513,0.4,0.6,0.647,1.4,3.7,6.375,1.0499999999999998,0.6,2.6,-0.45,1.9,5.8,16.325
23,23,J.J. Barea,PG,35,DAL,8,0,13.9,3.6,7.9,0.46,0.9,3.1,0.56,1.9,4.8,0.395,0.5710000000000001,0.5,0.5,1.0,0.3,1.3,1.875,4.199999999999999,0.6,0.2,-0.45,0.8,9.5,16.825000000000003
24,24,Harrison Barnes,PF,27,SAC,34,34,35.1,5.1,11.8,0.435,0.65,3.9,0.336,3.8,7.9,0.485,0.491,3.5,4.5,0.789,1.1,4.1,6.5,3.3000000000000003,1.4,0.2,-0.7,1.2,15.1,26.45
25,25,RJ Barrett,SG,19,NYK,33,33,31.4,5.1,13.2,0.385,0.55,3.5,0.319,4.0,9.7,0.409,0.428,2.2,4.1,0.5479999999999999,1.1,4.2,6.5,4.050000000000001,2.0,0.8,-1.1,2.2,13.5,26.3
26,26,Will Barton,SF,29,DEN,31,31,33.1,5.7,12.5,0.45399999999999996,0.8,4.3,0.368,4.1,8.2,0.498,0.517,1.6,2.3,0.7290000000000001,1.6,5.4,8.625,5.550000000000001,2.4,1.0,-0.75,2.1,14.6,32.224999999999994
27,27,Keita Bates-Diop,SF,24,MIN,21,0,18.2,2.5,5.6,0.45299999999999996,0.55,2.8,0.39,1.4,2.8,0.517,0.551,1.1,1.5,0.75,0.5,2.2,3.375,0.75,1.0,0.8,-0.15,0.9,7.3,13.625
28,28,Nicolas Batum,SF,31,CHO,16,2,22.3,1.3,3.4,0.37,0.35,2.3,0.306,0.6,1.1,0.5,0.47200000000000003,0.4,0.4,1.0,1.1,2.9,5.125,4.5,1.6,1.0,-0.6,2.0,3.6,15.574999999999998
29,29,Aron Baynes,C,33,PHO,25,19,23.9,5.0,9.5,0.521,0.7,3.9,0.371,3.5,5.6,0.624,0.597,1.3,1.8,0.727,1.5,4.1,7.0,3.3000000000000003,0.4,1.2,-0.6,3.8,12.6,24.599999999999994
30,30,Kent Bazemore,SF,30,POR,35,13,24.7,2.7,7.5,0.364,0.7,3.8,0.364,1.3,3.7,0.364,0.456,1.2,1.5,0.8270000000000001,0.3,3.6,4.875,2.0999999999999996,1.8,1.4,-0.75,2.8,8.0,18.124999999999996
31,31,Darius Bazley,PF,19,OKC,33,5,17.2,1.4,4.1,0.34299999999999997,0.35,2.2,0.297,0.7,1.8,0.4,0.425,0.5,0.7,0.682,0.3,3.4,4.625,0.75,0.8,1.4,-0.45,1.1,3.9,11.375000000000002
32,32,Bradley Beal,SG,26,WAS,31,31,36.5,9.5,21.7,0.435,1.25,8.1,0.315,6.9,13.6,0.507,0.494,6.4,7.6,0.831,1.1,3.7,6.0,9.899999999999999,2.2,0.6,-1.65,2.5,27.8,46.1
33,33,Malik Beasley,SG,23,DEN,26,0,16.0,2.6,6.5,0.402,0.65,3.4,0.39799999999999996,1.3,3.1,0.40700000000000003,0.506,0.3,0.4,0.818,0.2,1.3,1.875,1.5,1.0,0.4,-0.4,1.1,6.9,11.925
34,34,Marco Belinelli,SG,33,SAS,30,0,16.0,2.0,5.5,0.358,0.5,2.9,0.349,1.0,2.6,0.36700000000000005,0.44799999999999995,0.7,1.0,0.733,0.0,1.6,2.0,1.7999999999999998,0.4,0.0,-0.2,0.8,5.7,10.200000000000001
35,35,Jordan Bell,C,25,MIN,20,0,10.0,1.3,2.4,0.542,0.05,0.3,0.16699999999999998,1.3,2.1,0.595,0.552,0.8,1.3,0.64,1.1,2.1,4.0,1.0499999999999998,0.2,1.0,-0.4,0.7,3.5,9.399999999999999
36,36,DeAndre' Bembry,SG,25,ATL,33,4,22.4,2.6,5.6,0.465,0.2,1.5,0.25,2.2,4.2,0.54,0.49700000000000005,0.6,1.2,0.513,0.9,3.0,5.0,3.1500000000000004,2.4,1.0,-0.7,1.8,6.2,17.25
37,37,Dragan Bender,SF,22,MIL,3,0,9.7,2.0,2.7,0.75,0.35,1.3,0.5,1.3,1.3,1.0,0.875,0.3,0.3,1.0,0.0,0.7,0.875,1.5,0.0,1.4,-0.15,2.0,5.0,8.975
38,38,Dāvis Bertāns,PF,27,WAS,28,4,30.0,5.1,11.3,0.449,1.9,8.6,0.434,1.3,2.6,0.5,0.616,1.5,1.7,0.894,0.9,4.0,6.125,2.55,1.2,1.2,-0.4,2.6,15.4,27.975
39,39,Patrick Beverley,PG,31,LAC,29,29,28.9,3.0,7.3,0.413,0.7,4.3,0.32799999999999996,1.6,3.0,0.534,0.509,0.6,0.9,0.593,1.3,4.7,7.5,4.949999999999999,2.8,1.4,-0.65,3.3,8.0,24.7
40,40,Khem Birch,C,27,ORL,20,11,21.8,1.7,3.4,0.493,0.0,0.1,0.0,1.7,3.3,0.5,0.493,0.9,1.8,0.47200000000000003,2.0,3.4,6.75,1.6500000000000001,1.2,1.6,-0.35,2.3,4.2,15.049999999999999
41,41,Goga Bitadze,C,20,IND,26,2,10.1,1.3,2.7,0.465,0.1,0.7,0.222,1.1,2.0,0.547,0.493,0.6,0.8,0.7140000000000001,0.7,1.8,3.125,0.8999999999999999,0.0,1.8,-0.25,1.5,3.3,8.975000000000001
42,42,Bismack Biyombo,C,27,CHO,34,19,18.8,3.1,5.4,0.578,0.0,0.0,,3.1,5.4,0.578,0.578,1.8,3.0,0.5920000000000001,2.3,3.3,7.0,1.35,0.4,1.6,-0.3,2.2,8.1,18.15
43,43,Nemanja Bjelica,PF,31,SAC,34,31,26.6,4.5,9.4,0.474,0.95,4.4,0.42,2.6,5.0,0.52,0.5720000000000001,0.9,1.0,0.879,1.5,4.5,7.5,3.9000000000000004,1.8,1.2,-0.75,3.0,11.6,26.199999999999996
44,44,Eric Bledsoe,PG,30,MIL,28,28,26.0,5.6,11.6,0.479,0.6,3.5,0.34,4.4,8.2,0.537,0.529,2.5,3.1,0.816,0.8,4.1,6.125,8.100000000000001,1.8,1.0,-1.15,2.2,14.9,31.375000000000007
45,45,Bogdan Bogdanović,SG,27,SAC,29,0,28.2,5.2,12.3,0.424,1.35,6.9,0.387,2.6,5.4,0.47100000000000003,0.532,1.3,2.0,0.6609999999999999,0.3,2.7,3.75,5.550000000000001,2.2,0.6,-1.0,2.1,14.4,26.85
46,46,Bojan Bogdanović,SF,30,UTA,32,32,33.7,6.8,15.4,0.44,1.55,7.2,0.43200000000000005,3.7,8.3,0.447,0.541,4.1,4.6,0.884,0.6,3.8,5.625,3.3000000000000003,1.4,0.2,-1.4,1.9,20.7,31.375000000000007
47,47,Jonah Bolden,PF,24,PHI,2,0,2.5,0.5,0.5,1.0,0.0,0.0,,0.5,0.5,1.0,1.0,0.0,1.0,0.0,0.0,0.0,0.0,0.0,1.0,0.0,-0.25,0.0,1.0,1.75
48,48,Jordan Bone,PG,22,DET,3,0,2.0,0.7,1.7,0.4,0.0,0.3,0.0,0.7,1.3,0.5,0.4,0.0,0.0,,0.0,0.0,0.0,0.0,0.0,0.0,-0.35,0.7,1.3,0.9500000000000001
49,49,Isaac Bonga,SF,20,WAS,28,19,15.6,1.3,2.8,0.46799999999999997,0.1,0.7,0.316,1.1,2.1,0.517,0.506,0.8,1.0,0.759,0.9,1.9,3.5,1.6500000000000001,1.2,0.6,-0.3,2.2,3.6,10.349999999999998
50,50,Devin Booker,SG,23,PHO,31,31,35.8,8.9,17.7,0.502,0.9,5.1,0.363,7.0,12.6,0.5579999999999999,0.5539999999999999,5.6,6.2,0.9059999999999999,0.6,3.3,4.875,9.75,1.4,0.6,-1.95,3.1,25.2,40.77499999999999
51,51,Chris Boucher,PF,27,TOR,31,0,13.0,2.1,4.6,0.45799999999999996,0.25,1.6,0.327,1.6,3.0,0.527,0.514,1.5,2.0,0.77,1.9,2.4,5.375,0.75,0.8,1.6,-0.2,1.6,6.2,14.775
52,52,Brian Bowen,SG,21,IND,3,0,3.3,0.3,1.3,0.25,0.0,0.3,0.0,0.3,1.0,0.33299999999999996,0.25,0.0,0.0,,0.0,0.3,0.375,0.0,0.0,0.6,-0.0,0.0,0.7,1.6749999999999998
53,53,Ky Bowman,PG,22,GSW,31,6,22.7,3.2,7.3,0.436,0.45,2.5,0.377,2.2,4.8,0.466,0.5,0.7,0.8,0.92,0.5,2.2,3.375,4.5,1.6,0.4,-0.6,2.2,8.0,17.724999999999998
54,54,Avery Bradley,SG,29,LAL,20,15,24.2,3.6,7.9,0.456,0.3,2.7,0.226,3.0,5.3,0.5710000000000001,0.494,0.4,0.5,0.7,0.6,2.1,3.375,1.9500000000000002,2.0,0.2,-0.65,2.5,8.2,15.374999999999998
55,55,Tony Bradley,C,22,UTA,22,2,8.9,1.7,2.8,0.613,0.0,0.0,,1.7,2.8,0.613,0.613,0.5,0.7,0.688,1.3,2.0,4.125,0.30000000000000004,0.2,0.8,-0.25,1.9,4.0,9.175
56,56,Jarrell Brantley,PF,23,UTA,2,0,4.5,0.0,0.0,,0.0,0.0,,0.0,0.0,,,0.0,0.0,,0.0,2.0,2.5,0.75,0.0,2.0,-0.25,0.5,0.0,5.0
57,57,Ignas Brazdeikis,SF,21,NYK,8,0,6.0,0.6,2.5,0.25,0.05,1.0,0.125,0.5,1.5,0.33299999999999996,0.275,0.4,0.5,0.75,0.3,0.4,0.75,0.44999999999999996,0.0,0.2,-0.15,0.4,1.8,3.1
58,58,Mikal Bridges,SF,23,PHO,34,3,22.1,2.6,5.1,0.49700000000000005,0.25,1.7,0.293,2.1,3.4,0.598,0.546,1.4,1.7,0.81,0.9,3.0,4.875,1.9500000000000002,2.6,0.8,-0.4,2.0,7.0,17.075000000000003
59,59,Miles Bridges,SF,21,CHO,36,36,30.5,4.7,10.7,0.442,0.75,4.2,0.353,3.3,6.5,0.498,0.51,1.3,1.6,0.7759999999999999,1.1,4.2,6.625,2.7,1.2,1.6,-0.8,2.1,12.2,24.275
60,60,Oshae Brissett,SF,21,TOR,9,0,7.6,0.6,1.7,0.33299999999999996,0.05,0.6,0.2,0.4,1.1,0.4,0.36700000000000005,0.1,0.2,0.5,0.6,0.8,1.625,0.44999999999999996,0.2,0.2,-0.15,1.0,1.3,3.6750000000000003
61,61,Ryan Broekhoff,SG,29,DAL,10,0,7.7,1.1,2.5,0.44,0.5,2.0,0.5,0.1,0.5,0.2,0.64,0.5,0.6,0.833,0.1,1.3,1.75,0.6000000000000001,0.4,0.2,-0.1,0.7,3.7,7.050000000000002
62,62,Malcolm Brogdon,PG,27,IND,27,27,30.5,6.3,14.2,0.446,0.7,4.1,0.33299999999999996,5.0,10.1,0.493,0.495,3.6,3.9,0.9329999999999999,0.6,3.7,5.5,11.100000000000001,1.8,0.4,-1.35,2.0,17.7,35.849999999999994
63,63,Dillon Brooks,SG,24,MEM,34,34,27.7,5.1,12.5,0.405,0.9,4.8,0.366,3.3,7.7,0.429,0.475,2.3,2.8,0.8320000000000001,1.0,2.4,4.25,3.0,2.2,0.8,-0.85,3.8,14.2,24.5
64,64,Bruce Brown,SG,23,DET,33,27,26.9,3.2,7.2,0.445,0.3,1.7,0.364,2.6,5.5,0.47,0.48700000000000004,1.3,2.1,0.638,0.9,3.6,5.625,5.4,2.4,1.0,-0.95,2.7,8.3,22.075
65,65,Charlie Brown,SG,22,ATL,4,0,4.0,0.3,0.8,0.33299999999999996,0.15,0.3,1.0,0.0,0.5,0.0,0.5,1.0,1.0,1.0,0.5,0.3,1.0,0.0,0.0,0.6,-0.0,0.0,1.8,3.5500000000000003
66,66,Jaylen Brown,SF,23,BOS,27,27,33.6,7.6,14.7,0.518,1.05,5.4,0.4,5.5,9.4,0.585,0.59,3.1,4.2,0.752,1.0,6.0,8.75,3.5999999999999996,2.2,0.6,-1.0,3.1,20.6,35.800000000000004
67,67,Moses Brown,C,20,POR,6,0,3.5,0.7,1.5,0.444,0.0,0.0,,0.7,1.5,0.444,0.444,0.3,0.7,0.5,0.3,1.3,2.125,0.0,0.4,0.0,-0.15,0.7,1.7,4.075
68,68,Sterling Brown,SF,24,MIL,25,0,16.9,2.0,5.1,0.386,0.45,2.6,0.33299999999999996,1.1,2.4,0.44299999999999995,0.47200000000000003,0.8,1.1,0.741,0.6,3.4,5.0,1.6500000000000001,1.4,0.2,-0.5,1.2,5.6,13.8
69,69,Troy Brown,SG,20,WAS,30,13,24.5,3.7,8.3,0.444,0.3,2.2,0.292,3.1,6.2,0.49700000000000005,0.48200000000000004,1.3,1.7,0.769,1.2,4.2,6.75,3.3000000000000003,2.8,0.2,-0.55,1.8,9.4,22.200000000000003
70,70,Jalen Brunson,PG,23,DAL,33,8,17.8,3.2,6.7,0.473,0.4,2.3,0.342,2.4,4.4,0.541,0.532,0.9,1.2,0.7559999999999999,0.5,2.1,3.25,5.25,0.8,0.0,-0.6,1.4,8.1,17.2
71,71,Thomas Bryant,C,22,WAS,18,18,28.4,5.6,10.2,0.5489999999999999,0.3,1.9,0.28600000000000003,5.1,8.3,0.611,0.5760000000000001,2.2,2.9,0.736,2.3,6.2,10.625,4.050000000000001,0.8,2.0,-0.65,2.4,13.9,31.025000000000006
72,72,Reggie Bullock,G-F,28,NYK,1,0,15.0,4.0,9.0,0.444,1.5,5.0,0.6,1.0,4.0,0.25,0.611,0.0,0.0,,0.0,2.0,2.5,0.0,0.0,0.0,-0.0,2.0,11.0,15.0
73,73,Trey Burke,PG,27,PHI,17,0,14.8,2.6,5.7,0.46399999999999997,0.4,1.6,0.46399999999999997,1.9,4.1,0.46399999999999997,0.531,0.7,0.9,0.8,0.8,0.9,2.0,3.75,0.8,0.2,-0.25,0.9,6.8,13.7
74,74,Alec Burks,SG,28,GSW,32,13,29.3,5.3,12.5,0.428,0.8,4.4,0.364,3.8,8.1,0.462,0.491,3.6,4.2,0.872,0.7,3.7,5.5,4.5,2.6,0.6,-0.7,2.1,15.9,29.200000000000003
75,75,Deonte Burton,SG,26,OKC,18,0,8.6,0.9,2.8,0.34,0.15,1.3,0.20800000000000002,0.7,1.4,0.462,0.39,0.2,0.3,0.6,0.2,1.2,1.75,0.44999999999999996,0.2,0.4,-0.1,0.9,2.3,5.15
76,76,Jimmy Butler,SF,30,MIA,29,29,35.4,5.9,13.8,0.43,0.4,3.0,0.276,5.1,10.8,0.473,0.46,8.1,9.8,0.8270000000000001,2.1,4.6,8.25,9.899999999999999,4.0,1.2,-1.25,1.3,20.8,43.3
77,77,Bruno Caboclo,SF,24,MEM,21,0,9.0,1.3,3.2,0.41200000000000003,0.1,1.2,0.16,1.1,2.0,0.5579999999999999,0.441,0.1,0.1,0.667,0.8,1.3,2.625,0.75,1.0,1.2,-0.15,1.1,3.0,8.524999999999999
78,78,Kentavious Caldwell-Pope,SG,26,LAL,34,19,25.4,3.4,7.2,0.47100000000000003,0.7,3.2,0.42700000000000005,2.0,3.9,0.507,0.568,1.1,1.4,0.787,0.6,1.6,2.75,2.7,1.6,0.4,-0.45,1.8,9.2,16.9
79,79,Vlatko Čančar,SF,22,DEN,4,0,1.8,0.0,0.3,0.0,0.0,0.0,,0.0,0.3,0.0,0.0,0.5,0.5,1.0,0.3,0.0,0.375,0.44999999999999996,0.0,0.0,-0.0,0.0,0.5,1.325
80,80,Clint Capela,C,25,HOU,28,28,33.4,6.3,9.9,0.639,0.0,0.0,,6.3,9.9,0.639,0.639,1.3,2.6,0.486,4.0,10.3,17.75,1.6500000000000001,2.0,3.8,-0.8,2.7,13.9,38.3
81,81,DeMarre Carroll,SF,33,SAS,13,0,10.1,0.7,2.2,0.321,0.1,1.0,0.231,0.5,1.2,0.4,0.375,0.8,1.4,0.611,0.5,1.8,2.875,1.2000000000000002,0.4,0.4,-0.4,1.5,2.5,7.075
82,82,Jevon Carter,PG,24,PHO,24,2,13.6,1.3,3.4,0.366,0.35,1.9,0.348,0.6,1.5,0.389,0.46299999999999997,0.3,0.3,0.75,0.5,1.5,2.375,2.25,1.6,0.6,-0.4,1.5,3.4,10.174999999999999
83,83,Vince Carter,SF,43,ATL,28,0,15.7,1.9,5.5,0.34600000000000003,0.5,3.6,0.287,0.9,1.9,0.462,0.441,0.4,0.6,0.706,0.2,1.8,2.5,1.5,0.6,0.8,-0.3,1.6,5.3,10.9
84,84,Wendell Carter,C,20,CHI,34,34,30.0,4.5,8.3,0.5479999999999999,0.05,0.7,0.20800000000000002,4.4,7.6,0.58,0.557,2.5,3.5,0.72,3.4,6.4,12.25,1.6500000000000001,1.6,1.8,-0.8,3.9,11.7,28.25
85,85,Michael Carter-Williams,SG,28,ORL,19,0,16.3,1.8,4.9,0.376,0.2,1.6,0.233,1.5,3.3,0.444,0.414,1.2,1.6,0.71,0.9,2.2,4.0,3.0,2.2,0.8,-0.45,1.4,5.2,14.950000000000003
86,86,Alex Caruso,PG,25,LAL,32,0,19.5,1.9,4.4,0.43,0.35,2.0,0.32799999999999996,1.3,2.4,0.513,0.504,0.9,1.2,0.763,0.3,1.8,2.5,2.55,2.2,0.6,-0.45,1.5,5.4,13.15
87,87,Willie Cauley-Stein,C,26,GSW,31,30,23.4,3.7,6.5,0.57,0.0,0.0,,3.7,6.5,0.57,0.57,0.8,1.3,0.61,1.5,4.7,7.75,2.0999999999999996,2.4,2.8,-0.5,2.8,8.2,22.749999999999996
88,88,Tyson Chandler,C,37,HOU,22,5,8.7,0.6,0.8,0.778,0.0,0.0,,0.6,0.8,0.778,0.778,0.3,0.6,0.462,1.0,1.8,3.5,0.44999999999999996,0.6,0.8,-0.15,1.2,1.5,6.699999999999999
89,89,Wilson Chandler,SF,32,BRK,7,0,20.7,2.7,6.3,0.43200000000000005,0.35,3.3,0.217,2.0,3.0,0.667,0.489,0.3,0.3,1.0,0.1,4.4,5.75,1.6500000000000001,1.2,0.2,-0.55,1.7,6.4,14.999999999999998
90,90,Zylan Cheatham,SF,24,NOP,2,0,10.0,0.5,2.0,0.25,0.0,0.5,0.0,0.5,1.5,0.33299999999999996,0.25,0.0,0.0,,0.0,1.5,1.875,0.75,0.0,0.0,-0.25,1.5,1.0,3.375
91,91,Chris Chiozza,PG,24,WAS,10,0,12.3,1.0,3.4,0.294,0.35,1.6,0.43799999999999994,0.3,1.8,0.16699999999999998,0.397,0.0,0.0,,0.0,1.5,1.875,4.199999999999999,2.0,0.4,-0.45,1.2,2.7,11.075000000000001
92,92,Marquese Chriss,PF,22,GSW,34,2,17.6,2.6,5.3,0.49200000000000005,0.05,0.6,0.19,2.5,4.7,0.531,0.503,2.0,2.5,0.7909999999999999,1.8,3.6,6.75,2.7,1.2,1.8,-0.75,1.9,7.4,19.15
93,93,Gary Clark,PF,25,HOU,18,0,11.8,1.3,3.3,0.39,0.5,2.8,0.353,0.3,0.4,0.625,0.542,0.3,0.4,0.857,0.6,1.6,2.75,1.0499999999999998,0.2,0.8,-0.05,1.2,3.9,9.149999999999999
94,94,Brandon Clarke,PF,23,MEM,28,2,21.5,5.6,8.6,0.645,0.3,1.3,0.457,5.0,7.4,0.6759999999999999,0.6779999999999999,1.3,1.7,0.7659999999999999,1.4,4.1,6.875,2.0999999999999996,0.8,1.8,-0.5,1.6,13.0,24.375
95,95,Jordan Clarkson,SG,27,TOT,32,0,23.1,5.1,11.4,0.445,1.0,5.5,0.369,3.0,5.9,0.516,0.534,2.6,2.9,0.872,0.7,1.6,2.875,3.4499999999999997,1.2,0.6,-0.65,1.2,14.7,23.175
96,96,Jordan Clarkson,SG,27,CLE,29,0,23.0,5.0,11.2,0.442,1.0,5.5,0.371,2.9,5.8,0.509,0.532,2.6,3.0,0.884,0.7,1.7,3.0,3.5999999999999996,1.2,0.6,-0.65,1.1,14.6,23.350000000000005
97,97,Jordan Clarkson,G,27,UTA,3,0,24.0,6.0,12.7,0.474,1.0,5.7,0.353,4.0,7.0,0.5710000000000001,0.5529999999999999,2.0,2.7,0.75,0.3,1.3,2.125,1.9500000000000002,1.4,0.0,-0.15,2.0,16.0,22.325
98,98,Nicolas Claxton,PF,20,BRK,9,0,13.2,1.2,2.3,0.524,0.0,0.6,0.0,1.2,1.8,0.688,0.524,0.6,1.3,0.41700000000000004,0.9,1.6,3.0,1.7999999999999998,0.2,1.2,-0.35,1.1,3.0,8.85
99,99,Chris Clemons,SG,22,HOU,22,0,9.1,1.9,4.4,0.42700000000000005,0.7,3.5,0.39,0.5,0.9,0.579,0.583,0.1,0.2,0.75,0.1,0.6,0.875,1.0499999999999998,0.6,0.4,-0.25,0.8,5.2,8.575000000000001
100,100,Amir Coffey,G,22,LAC,1,0,1.0,0.0,0.0,,0.0,0.0,,0.0,0.0,,,0.0,0.0,,0.0,0.0,0.0,0.0,0.0,0.0,-0.0,0.0,0.0,0.0
101,101,John Collins,PF,22,ATL,9,9,31.9,7.4,14.4,0.515,0.8,4.2,0.368,5.9,10.2,0.5760000000000001,0.569,1.9,2.4,0.773,2.1,7.8,12.375,2.55,2.0,4.0,-0.85,3.2,18.3,39.175
102,102,Zach Collins,PF,22,POR,3,3,28.7,3.0,6.3,0.474,0.5,2.3,0.429,2.0,4.0,0.5,0.5529999999999999,2.0,2.0,1.0,1.3,2.7,5.0,3.0,0.0,1.4,-1.0,3.7,9.0,17.9
103,103,Mike Conley,PG,32,UTA,22,22,29.4,4.5,12.3,0.365,0.9,5.0,0.36,2.7,7.3,0.369,0.439,2.8,3.5,0.8029999999999999,0.7,2.6,4.125,6.8999999999999995,1.4,0.4,-1.0,2.2,13.6,26.324999999999996
104,104,Pat Connaughton,SG,27,MIL,34,0,18.0,1.9,4.4,0.446,0.35,2.2,0.316,1.2,2.1,0.583,0.527,0.5,0.7,0.696,0.6,3.7,5.375,2.8499999999999996,0.6,1.0,-0.4,1.0,5.1,14.874999999999998
105,105,Quinn Cook,PG,26,LAL,22,0,13.0,2.0,4.7,0.413,0.25,1.7,0.316,1.4,3.0,0.47,0.47100000000000003,0.2,0.2,0.8,0.2,1.0,1.375,2.0999999999999996,0.6,0.0,-0.45,0.6,4.6,8.475
106,106,Tyler Cook,PF,22,CLE,6,0,2.8,0.8,1.0,0.833,0.0,0.0,,0.8,1.0,0.833,0.833,0.3,0.3,1.0,0.5,0.3,1.0,0.0,0.4,0.0,-0.1,0.2,2.0,3.3
107,107,Robert Covington,PF,29,MIN,32,31,28.5,4.1,9.5,0.433,1.0,5.8,0.337,2.2,3.7,0.585,0.536,1.8,2.2,0.841,0.7,5.0,7.125,1.6500000000000001,3.0,1.8,-0.8,3.2,12.0,25.775
108,108,Allen Crabbe,SG,27,ATL,21,1,19.0,2.0,5.5,0.374,0.55,3.7,0.299,1.0,1.8,0.526,0.474,0.4,0.6,0.75,0.4,2.0,3.0,1.5,1.2,0.2,-0.25,1.1,5.6,11.799999999999997
109,109,Torrey Craig,SF,29,DEN,23,3,12.5,1.1,3.0,0.382,0.15,1.5,0.235,0.8,1.5,0.529,0.441,0.3,0.6,0.5379999999999999,0.6,1.5,2.625,1.0499999999999998,0.6,1.2,-0.2,1.8,2.9,8.325
110,110,Jae Crowder,SF,29,MEM,32,32,30.8,3.4,9.3,0.364,0.9,6.3,0.292,1.5,3.0,0.516,0.46299999999999997,1.5,2.0,0.75,0.9,5.3,7.75,4.199999999999999,1.8,0.6,-0.65,2.0,10.1,24.700000000000003
111,111,Jarrett Culver,SG,20,MIN,32,19,22.9,3.3,9.0,0.363,0.4,3.5,0.239,2.4,5.5,0.44299999999999995,0.41,0.8,2.0,0.413,1.1,2.3,4.125,3.0,2.0,1.4,-0.6,2.0,8.2,18.525
112,112,Seth Curry,SG,29,DAL,31,9,21.9,3.3,7.5,0.436,0.85,4.5,0.38799999999999996,1.5,3.1,0.505,0.551,1.3,1.4,0.932,0.5,1.6,2.5,2.55,1.2,0.4,-0.5,1.8,9.6,16.599999999999998
113,113,Stephen Curry,PG,31,GSW,4,4,28.0,6.8,16.5,0.409,1.15,9.3,0.243,4.5,7.3,0.621,0.47700000000000004,4.5,4.5,1.0,1.0,4.0,6.25,9.75,2.6,1.0,-1.9,2.5,20.3,39.150000000000006
114,114,Troy Daniels,SG,28,LAL,25,0,12.3,1.6,4.1,0.382,0.5,2.9,0.342,0.6,1.2,0.483,0.505,0.2,0.3,0.5710000000000001,0.2,1.0,1.375,0.44999999999999996,0.6,0.0,-0.1,0.7,4.3,7.125
115,115,Anthony Davis,PF,26,LAL,32,32,35.2,9.6,19.1,0.502,0.55,3.7,0.28800000000000003,8.5,15.4,0.5529999999999999,0.53,7.1,8.3,0.853,2.3,7.0,11.625,4.949999999999999,2.8,5.0,-1.2,2.5,27.3,51.02499999999999
116,116,Ed Davis,C,30,UTA,19,0,11.5,0.6,1.5,0.39299999999999996,0.0,0.0,,0.6,1.5,0.39299999999999996,0.39299999999999996,0.2,0.5,0.444,1.1,3.2,5.375,0.6000000000000001,1.0,0.8,-0.3,2.4,1.4,8.875
117,117,Terence Davis,SG,22,TOR,34,0,16.9,2.5,5.3,0.475,0.6,3.0,0.41200000000000003,1.3,2.3,0.557,0.591,0.7,0.8,0.9229999999999999,0.6,2.5,3.875,2.8499999999999996,1.0,0.4,-0.45,1.6,7.0,15.275
118,118,Dewayne Dedmon,C,30,SAC,23,4,13.6,1.9,4.6,0.419,0.25,2.1,0.22899999999999998,1.4,2.5,0.579,0.47100000000000003,0.5,0.6,0.846,1.1,2.7,4.75,0.44999999999999996,0.8,1.0,-0.7,2.4,4.8,11.350000000000001
119,119,Matthew Dellavedova,PG,29,CLE,31,0,13.4,1.0,3.1,0.316,0.1,1.7,0.132,0.7,1.4,0.5479999999999999,0.353,0.7,0.7,0.955,0.4,1.0,1.75,3.9000000000000004,0.8,0.0,-0.4,1.5,2.8,8.950000000000001
120,120,DeMar DeRozan,SF,30,SAS,32,32,33.8,8.3,15.8,0.523,0.1,0.6,0.263,8.1,15.2,0.5329999999999999,0.528,4.6,5.7,0.802,0.5,4.8,6.625,7.3500000000000005,2.0,0.8,-1.25,2.9,21.2,36.824999999999996
121,121,Cheick Diallo,C,23,PHO,22,0,9.4,2.1,3.0,0.6970000000000001,0.0,0.0,1.0,2.0,3.0,0.6920000000000001,0.705,0.8,1.0,0.857,0.6,2.1,3.375,0.75,0.2,0.4,-0.25,1.0,5.0,9.475
122,122,Hamidou Diallo,SF,21,OKC,13,1,21.2,3.6,7.4,0.49,0.1,1.1,0.14300000000000002,3.5,6.3,0.5489999999999999,0.5,1.0,1.5,0.65,1.1,2.5,4.5,1.2000000000000002,3.0,0.6,-0.55,2.4,8.4,17.25
123,123,Gorgui Dieng,C,30,MIN,29,10,17.1,2.4,5.9,0.418,0.4,2.4,0.348,1.6,3.5,0.465,0.488,1.2,1.6,0.8,1.6,4.1,7.125,1.5,2.0,2.0,-0.4,2.0,7.0,19.625
124,124,Spencer Dinwiddie,SG,26,BRK,32,21,31.0,7.6,17.8,0.425,0.95,6.5,0.3,5.6,11.3,0.49700000000000005,0.48,5.9,7.4,0.8009999999999999,0.3,2.8,3.875,9.45,1.6,0.8,-1.45,3.3,23.0,38.224999999999994
125,125,Donte DiVincenzo,SG,23,MIL,33,20,22.5,3.1,7.0,0.43700000000000006,0.55,3.3,0.321,2.0,3.7,0.541,0.513,0.9,1.2,0.816,0.9,3.7,5.75,3.4499999999999997,3.0,0.4,-0.6,1.7,8.1,20.65
126,126,Luka Dončić,PG,20,DAL,29,29,32.3,9.3,19.8,0.47100000000000003,1.45,9.3,0.316,6.4,10.5,0.609,0.545,7.4,9.2,0.8059999999999999,1.4,8.1,11.875,13.350000000000001,2.4,0.2,-2.1,2.3,29.0,56.175000000000004
127,127,Luguentz Dort,SG,20,OKC,7,0,16.4,1.1,3.6,0.32,0.05,2.0,0.071,1.0,1.6,0.636,0.34,0.9,1.4,0.6,0.1,1.3,1.75,0.6000000000000001,0.6,0.0,-0.2,2.6,3.3,6.099999999999999
128,128,Damyean Dotson,SG,25,NYK,30,0,17.0,2.2,5.5,0.40399999999999997,0.55,3.4,0.317,1.2,2.2,0.5379999999999999,0.5,0.5,0.8,0.696,0.1,1.6,2.125,2.0999999999999996,0.8,0.2,-0.2,0.8,6.1,11.674999999999999
129,129,Sekou Doumbouya,SF,19,DET,7,0,3.4,0.6,1.6,0.364,0.0,0.4,0.0,0.6,1.1,0.5,0.364,0.1,0.4,0.33299999999999996,0.0,0.6,0.75,0.0,0.2,0.0,-0.05,0.4,1.3,2.2
130,130,Goran Dragić,PG,33,MIA,23,1,28.7,5.4,12.1,0.446,1.1,5.5,0.402,3.2,6.6,0.483,0.5379999999999999,2.8,3.9,0.7190000000000001,0.4,2.7,3.875,7.5,1.4,0.6,-1.2,1.8,15.8,29.075000000000003
131,131,Andre Drummond,C,26,DET,32,31,33.8,7.4,13.7,0.542,0.0,0.5,0.0,7.4,13.2,0.563,0.542,3.1,5.0,0.613,4.4,11.5,19.875,4.199999999999999,4.0,3.6,-1.8,3.7,17.9,47.775
132,132,Jared Dudley,SF,34,LAL,23,1,7.8,0.5,1.2,0.39299999999999996,0.2,0.8,0.526,0.0,0.4,0.111,0.5710000000000001,0.1,0.1,1.0,0.1,0.7,1.125,0.8999999999999999,0.6,0.0,-0.05,0.9,1.5,4.275
133,133,Kris Dunn,PG,25,CHI,34,15,23.5,2.9,6.8,0.424,0.25,2.1,0.225,2.4,4.7,0.513,0.45899999999999996,0.6,0.9,0.71,0.5,2.9,4.25,4.800000000000001,4.2,0.8,-0.55,3.4,6.9,20.650000000000002
134,134,Carsen Edwards,SG,21,BOS,24,0,10.3,1.1,3.6,0.314,0.35,2.2,0.321,0.4,1.4,0.303,0.413,0.5,0.5,0.846,0.2,1.3,1.875,1.0499999999999998,0.6,0.2,-0.25,1.0,3.4,7.225
135,135,Henry Ellenson,PF,23,BRK,4,0,3.5,0.3,1.8,0.14300000000000002,0.0,1.0,0.0,0.3,0.8,0.33299999999999996,0.14300000000000002,0.0,0.0,,0.5,0.5,1.25,0.0,0.0,0.0,-0.0,0.3,0.5,1.75
136,136,Wayne Ellington,SG,32,NYK,18,1,14.3,1.4,4.5,0.321,0.6,3.8,0.304,0.3,0.7,0.41700000000000004,0.451,0.2,0.3,0.667,0.1,1.6,2.0,1.35,0.6,0.2,-0.35,1.1,4.3,8.7
137,137,Joel Embiid,C,25,PHI,29,29,30.9,7.7,16.2,0.47700000000000004,0.65,3.9,0.33899999999999997,6.4,12.3,0.52,0.517,6.9,8.3,0.8340000000000001,2.6,9.8,15.5,4.65,1.6,2.8,-1.5,3.5,23.7,47.39999999999999
138,138,James Ennis,SF,29,PHI,36,0,17.7,2.3,5.1,0.457,0.45,2.5,0.36,1.4,2.6,0.547,0.5429999999999999,1.1,1.5,0.774,1.2,2.3,4.375,1.5,0.8,0.6,-0.3,2.0,6.7,14.125
139,139,Drew Eubanks,PF,22,SAS,5,0,6.8,1.6,2.6,0.615,0.0,0.0,,1.6,2.6,0.615,0.615,0.2,0.2,1.0,1.2,2.0,4.0,0.6000000000000001,0.0,0.4,-0.4,0.8,3.4,8.0
140,140,Jacob Evans,SG,22,GSW,14,0,13.9,1.4,4.7,0.28800000000000003,0.25,1.3,0.389,0.9,3.4,0.25,0.341,0.9,0.9,0.9229999999999999,0.2,1.1,1.75,1.35,0.2,0.8,-0.5,1.4,4.1,7.949999999999999
141,141,Dante Exum,SG,24,TOT,14,0,9.2,1.2,2.6,0.45899999999999996,0.1,0.7,0.3,1.0,1.9,0.519,0.5,0.6,0.9,0.6920000000000001,0.2,0.9,1.375,0.8999999999999999,0.8,0.2,-0.5,0.7,3.3,6.175000000000001
142,142,Dante Exum,SG,24,UTA,11,0,7.5,0.9,2.1,0.435,0.1,0.5,0.33299999999999996,0.7,1.5,0.47100000000000003,0.478,0.2,0.2,1.0,0.3,0.8,1.375,0.8999999999999999,0.2,0.4,-0.45,0.7,2.2,4.7250000000000005
143,143,Dante Exum,G,24,CLE,3,0,15.3,2.3,4.7,0.5,0.15,1.3,0.25,2.0,3.3,0.6,0.536,2.3,3.7,0.636,0.0,1.0,1.25,1.0499999999999998,2.6,0.0,-0.65,0.7,7.3,11.7
144,144,Tacko Fall,C,24,BOS,3,0,3.7,2.0,2.7,0.75,0.0,0.0,,2.0,2.7,0.75,0.75,0.3,0.7,0.5,0.0,2.3,2.875,0.0,0.0,1.4,-0.5,1.0,4.3,8.075
145,145,Derrick Favors,C,28,NOP,18,16,23.1,3.9,6.9,0.56,0.05,0.2,0.33299999999999996,3.8,6.8,0.5660000000000001,0.564,0.5,1.1,0.474,3.4,6.6,12.5,3.4499999999999997,1.2,1.6,-0.7,2.4,8.3,26.400000000000002
146,146,Terrance Ferguson,SF,21,OKC,27,27,26.5,1.7,4.6,0.376,0.55,3.6,0.316,0.6,1.0,0.593,0.5,0.3,0.3,0.778,0.7,1.3,2.5,1.5,1.0,0.4,-0.35,3.5,4.9,10.5
147,147,Bruno Fernando,C,21,ATL,33,6,11.9,1.5,3.1,0.485,0.05,0.7,0.16699999999999998,1.4,2.4,0.5820000000000001,0.505,0.6,1.0,0.594,1.1,2.0,3.875,1.5,0.6,0.6,-0.45,1.8,3.7,9.875
148,148,Yogi Ferrell,PG,26,SAC,26,0,13.7,1.8,4.3,0.425,0.2,1.6,0.268,1.4,2.8,0.514,0.473,1.1,1.2,0.875,0.2,1.2,1.625,2.55,0.8,0.2,-0.35,0.8,5.2,10.225
149,149,Dorian Finney-Smith,PF,26,DAL,33,30,28.6,3.2,6.7,0.47700000000000004,0.7,3.6,0.392,1.8,3.0,0.58,0.584,1.1,1.6,0.7120000000000001,1.8,3.4,6.375,2.0999999999999996,1.2,1.0,-0.5,2.1,8.9,19.775
150,150,Bryn Forbes,SG,26,SAS,32,32,26.0,4.1,10.0,0.409,1.15,6.2,0.371,1.8,3.8,0.47200000000000003,0.523,1.3,1.4,0.87,0.3,2.2,3.0,2.7,0.8,0.0,-0.45,1.8,11.7,18.900000000000002
151,151,Evan Fournier,SG,27,ORL,34,34,31.1,6.9,14.5,0.479,1.3,6.4,0.415,4.3,8.1,0.529,0.57,2.9,3.6,0.797,0.1,2.6,3.375,4.65,2.0,0.4,-1.0,2.5,19.4,30.125
152,152,De'Aaron Fox,PG,22,SAC,16,14,29.6,6.0,12.9,0.46399999999999997,0.5,3.1,0.32,5.0,9.8,0.51,0.502,4.1,5.9,0.691,0.9,2.9,4.875,10.2,2.2,0.6,-1.65,2.8,17.1,33.825
153,153,Melvin Frazier,SG,23,ORL,9,0,4.0,0.3,1.4,0.231,0.1,0.6,0.4,0.1,0.9,0.125,0.308,0.1,0.2,0.5,0.1,0.2,0.375,0.15000000000000002,0.4,0.2,-0.05,0.8,1.0,2.1750000000000003
154,154,Tim Frazier,PG,29,DET,20,8,13.3,1.5,3.8,0.382,0.25,1.2,0.41700000000000004,1.0,2.6,0.365,0.447,0.9,1.1,0.818,0.3,0.8,1.375,5.4,1.2,0.2,-0.55,1.6,4.3,12.174999999999997
155,155,Markelle Fultz,PG,21,ORL,33,28,26.2,4.6,10.0,0.461,0.25,1.7,0.268,4.2,8.3,0.5,0.483,1.7,2.3,0.733,0.4,2.6,3.75,6.6000000000000005,2.2,0.4,-0.95,2.0,11.3,23.55
156,156,Wenyen Gabriel,PF,22,SAC,9,0,5.6,0.6,1.8,0.313,0.05,0.9,0.125,0.4,0.9,0.5,0.344,0.6,1.0,0.556,0.4,0.4,1.125,0.44999999999999996,0.4,0.4,-0.15,0.7,1.8,4.074999999999999
157,157,Daniel Gafford,C,21,CHI,24,0,11.4,2.0,2.8,0.701,0.0,0.0,,2.0,2.8,0.701,0.701,0.5,1.1,0.5,1.0,1.0,2.375,0.44999999999999996,0.2,2.4,-0.15,1.7,4.5,9.775
158,158,Danilo Gallinari,PF,31,OKC,28,28,30.5,5.6,12.9,0.43799999999999994,1.4,7.1,0.39399999999999996,2.9,5.8,0.491,0.546,4.0,4.5,0.897,0.5,5.1,7.0,3.3000000000000003,1.4,0.2,-0.75,1.4,18.1,30.65
159,159,Langston Galloway,SG,28,DET,34,6,26.2,3.6,8.4,0.433,1.1,5.4,0.40700000000000003,1.4,3.0,0.48,0.563,1.6,1.8,0.9,0.4,1.8,2.75,2.0999999999999996,1.2,0.4,-0.35,1.2,11.0,18.199999999999996
160,160,Darius Garland,PG,20,CLE,33,33,28.4,4.3,10.8,0.401,0.9,4.8,0.36700000000000005,2.6,6.0,0.42700000000000005,0.48200000000000004,0.9,1.0,0.853,0.4,1.6,2.5,4.35,1.4,0.0,-1.25,1.5,11.3,19.2
161,161,Marc Gasol,C,35,TOR,27,27,28.2,2.3,6.4,0.364,0.55,3.3,0.35200000000000004,1.2,3.1,0.376,0.45399999999999996,0.8,1.0,0.75,0.9,5.8,8.25,5.1,1.6,2.2,-0.6,3.1,6.6,23.7
162,162,Rudy Gay,PF,33,SAS,32,5,22.7,3.9,8.7,0.455,0.5,3.3,0.314,2.9,5.4,0.541,0.514,1.8,2.1,0.866,1.1,4.8,7.375,2.8499999999999996,1.0,1.4,-0.8,1.4,10.7,23.024999999999995
163,163,Paul George,SF,29,LAC,24,24,31.6,7.7,18.3,0.42,1.8,9.5,0.38299999999999995,4.0,8.8,0.46,0.519,4.6,5.0,0.917,0.5,5.7,7.75,5.699999999999999,3.0,1.0,-1.6,2.4,23.6,41.25000000000001
164,164,Taj Gibson,C,34,NYK,31,25,15.8,2.0,4.1,0.48,0.05,0.3,0.2,1.9,3.8,0.504,0.488,0.3,0.5,0.529,1.7,2.5,5.25,1.6500000000000001,1.2,0.8,-0.4,2.1,4.3,12.85
165,165,Harry Giles,PF,21,SAC,9,0,9.4,2.0,4.4,0.45,0.0,0.0,,2.0,4.4,0.45,0.45,0.6,0.7,0.833,0.4,0.9,1.625,1.5,1.2,0.8,-0.45,2.1,4.6,9.275
166,166,Shai Gilgeous-Alexander,SG,21,OKC,33,33,35.3,7.2,15.7,0.455,0.65,3.6,0.358,5.8,12.1,0.484,0.496,4.2,5.1,0.8109999999999999,0.7,4.5,6.5,4.199999999999999,2.4,0.8,-1.0,1.7,19.8,33.349999999999994
167,167,Rudy Gobert,C,27,UTA,31,31,34.6,5.7,8.4,0.682,0.0,0.0,,5.7,8.4,0.682,0.682,3.4,5.5,0.612,3.6,10.6,17.75,2.25,1.4,3.8,-1.05,3.1,14.8,38.949999999999996
168,168,Brandon Goodwin,PG,24,ATL,5,0,10.8,1.8,4.6,0.391,0.4,2.0,0.4,1.0,2.6,0.385,0.478,0.8,0.8,1.0,0.2,1.2,1.75,2.7,1.2,0.8,-0.4,1.0,5.2,11.65
169,169,Aaron Gordon,PF,24,ORL,29,29,31.1,4.9,12.2,0.40399999999999997,0.55,3.9,0.292,3.8,8.3,0.456,0.451,2.2,3.1,0.703,1.8,5.4,8.875,4.35,1.2,1.4,-0.75,2.0,13.2,28.825
170,170,Eric Gordon,SG,31,HOU,11,3,28.5,4.0,11.7,0.341,1.25,7.8,0.326,1.5,3.9,0.37200000000000005,0.45,1.3,2.2,0.583,0.4,1.4,2.125,1.5,1.0,0.6,-0.75,2.0,11.8,17.525000000000002
171,171,Devonte' Graham,PG,24,CHO,36,26,34.8,6.0,15.9,0.376,1.85,9.5,0.391,2.3,6.4,0.354,0.493,3.2,4.0,0.804,0.9,2.9,4.875,11.55,1.8,0.6,-1.5,1.9,18.9,38.074999999999996
172,172,Treveon Graham,SG,26,MIN,29,20,21.1,2.0,5.6,0.35,0.3,2.7,0.231,1.3,2.9,0.45899999999999996,0.405,0.9,1.2,0.7140000000000001,1.0,2.2,4.0,1.35,1.2,0.2,-0.3,2.1,5.4,12.149999999999997
173,173,Jerami Grant,PF,25,DEN,33,3,23.3,3.5,7.7,0.462,0.65,3.2,0.41100000000000003,2.2,4.4,0.5,0.5489999999999999,1.5,2.3,0.662,0.5,2.7,4.0,1.2000000000000002,1.0,1.4,-0.4,1.8,10.0,17.85
174,174,Josh Gray,PG,26,NOP,2,0,11.5,0.5,1.0,0.5,0.0,0.0,,0.5,1.0,0.5,0.5,0.0,0.0,,0.5,0.5,1.25,1.5,0.0,0.0,-1.25,0.5,1.0,2.5
175,175,Danny Green,SG,32,LAL,34,34,25.3,2.9,7.1,0.41700000000000004,0.95,5.1,0.374,1.0,1.9,0.53,0.552,0.6,0.7,0.792,0.7,2.9,4.5,1.7999999999999998,2.2,1.0,-0.45,2.4,8.4,18.4
176,176,Draymond Green,PF,29,GSW,25,25,29.6,3.4,8.4,0.408,0.45,3.0,0.297,2.6,5.5,0.467,0.46,1.8,2.4,0.738,0.6,5.8,8.0,8.55,3.2,1.4,-1.2,2.6,9.6,29.999999999999996
177,177,JaMychal Green,PF,29,LAC,26,0,20.7,2.4,6.0,0.4,0.75,4.2,0.361,0.9,1.8,0.489,0.526,0.7,0.9,0.826,1.2,4.9,7.75,0.8999999999999999,1.2,0.6,-0.45,2.4,7.0,17.75
178,178,Javonte Green,SF,26,BOS,25,0,7.7,1.2,2.2,0.556,0.05,0.6,0.214,1.1,1.6,0.675,0.583,0.2,0.3,0.5710000000000001,0.2,1.1,1.625,0.44999999999999996,0.4,0.4,-0.2,0.8,2.7,5.425000000000001
179,179,Jeff Green,PF,33,UTA,30,2,18.4,2.5,6.5,0.385,0.55,3.5,0.327,1.4,3.0,0.451,0.47200000000000003,1.6,2.1,0.778,0.5,2.2,3.375,1.0499999999999998,0.8,0.6,-0.45,1.5,7.8,13.725
180,180,Blake Griffin,PF,30,DET,18,18,28.4,4.9,13.9,0.35200000000000004,0.75,6.2,0.243,3.4,7.7,0.439,0.406,4.2,5.4,0.7759999999999999,0.9,3.7,5.875,4.949999999999999,0.8,0.8,-1.1,1.5,15.5,27.575
181,181,Marko Guduric,SG,24,MEM,26,0,14.7,1.8,4.8,0.373,0.35,2.5,0.281,1.1,2.4,0.46799999999999997,0.444,0.6,0.7,0.882,0.5,1.6,2.5,2.0999999999999996,0.6,0.4,-0.55,1.0,4.9,10.299999999999999
182,182,Rui Hachimura,PF,21,WAS,25,25,29.2,5.8,12.1,0.48200000000000004,0.2,1.9,0.20800000000000002,5.4,10.2,0.5329999999999999,0.498,1.8,2.2,0.852,1.6,4.2,7.25,2.4000000000000004,1.4,0.2,-0.4,2.3,13.9,24.95
183,183,Devon Hall,SG,24,OKC,5,0,4.0,0.2,1.0,0.2,0.0,0.4,0.0,0.2,0.6,0.33299999999999996,0.2,0.6,0.8,0.75,0.0,0.2,0.25,0.8999999999999999,0.0,0.0,-0.1,0.2,1.0,2.05
184,184,Tim Hardaway,SG,27,DAL,32,19,25.5,4.8,11.4,0.419,1.3,6.8,0.382,2.2,4.6,0.473,0.5329999999999999,1.6,1.9,0.8059999999999999,0.3,2.3,3.25,2.55,1.2,0.2,-0.45,1.6,13.7,21.75
185,185,James Harden,SG,30,HOU,33,33,37.5,11.2,24.3,0.461,2.6,13.5,0.38299999999999995,6.0,10.8,0.557,0.5670000000000001,10.6,12.3,0.86,1.0,4.8,7.25,11.25,3.6,1.6,-2.35,3.3,38.2,62.15
186,186,Maurice Harkless,SF,26,LAC,35,24,23.1,2.3,4.5,0.506,0.25,1.5,0.35200000000000004,1.7,2.9,0.588,0.5670000000000001,0.6,1.0,0.588,0.9,2.7,4.625,1.6500000000000001,2.2,1.4,-0.45,2.6,5.6,15.275
187,187,Jared Harper,PG,22,PHO,1,0,2.0,0.0,1.0,0.0,0.0,1.0,0.0,0.0,0.0,,0.0,0.0,0.0,,0.0,0.0,0.0,0.0,0.0,0.0,-0.0,0.0,0.0,0.0
188,188,Montrezl Harrell,C,26,LAC,34,2,29.1,7.6,13.4,0.568,0.0,0.4,0.0,7.6,13.1,0.583,0.568,3.4,5.1,0.665,3.0,4.4,9.25,2.8499999999999996,1.4,2.2,-0.95,2.3,18.6,33.35
189,189,Gary Harris,SG,25,DEN,31,31,32.9,4.3,9.8,0.436,0.75,4.3,0.341,2.8,5.6,0.509,0.51,1.3,1.6,0.82,0.5,2.3,3.5,3.3000000000000003,2.8,0.6,-0.5,2.3,11.4,21.85
190,190,Joe Harris,SF,28,BRK,32,32,31.9,5.5,11.7,0.475,1.35,6.3,0.43,2.8,5.4,0.526,0.59,0.9,1.2,0.757,0.8,3.3,5.125,3.1500000000000004,1.2,0.6,-0.65,2.3,14.6,25.375000000000004
191,191,Tobias Harris,PF,27,PHI,36,36,34.1,7.6,15.7,0.485,0.8,4.6,0.33899999999999997,6.1,11.1,0.545,0.535,2.6,3.3,0.795,0.8,5.8,8.25,4.5,1.6,1.4,-0.85,2.4,19.4,35.1
192,192,Shaquille Harrison,SF,26,CHI,20,4,7.8,1.0,2.6,0.385,0.1,0.5,0.3,0.9,2.1,0.405,0.413,0.7,1.0,0.65,0.3,1.4,2.125,1.7999999999999998,1.0,0.6,-0.15,1.0,2.8,8.275
193,193,Josh Hart,SF,24,NOP,27,4,27.7,3.7,9.0,0.40700000000000003,1.1,6.3,0.353,1.4,2.7,0.534,0.531,1.3,1.7,0.7659999999999999,0.9,5.0,7.375,2.25,2.0,0.6,-0.65,2.7,10.9,23.575000000000003
194,194,Isaiah Hartenstein,C,21,HOU,12,1,15.0,2.5,3.5,0.7140000000000001,0.0,0.1,0.0,2.5,3.4,0.732,0.7140000000000001,1.3,1.8,0.7140000000000001,1.7,3.3,6.25,1.2000000000000002,0.8,1.2,-0.5,2.4,6.3,15.25
195,195,Udonis Haslem,PF,39,MIA,2,0,5.5,0.5,0.5,1.0,0.0,0.0,,0.5,0.5,1.0,1.0,1.5,2.0,0.75,0.0,1.5,1.875,0.0,0.0,0.0,-0.0,1.5,2.5,4.375
196,196,Jaxson Hayes,C,19,NOP,31,10,20.2,3.1,4.9,0.629,0.0,0.1,0.25,3.0,4.7,0.639,0.632,2.0,3.1,0.653,1.8,2.7,5.75,1.2000000000000002,1.2,2.2,-0.4,3.0,8.2,18.15
197,197,Gordon Hayward,SF,29,BOS,15,15,30.7,6.7,12.6,0.534,0.7,3.9,0.36200000000000004,5.3,8.7,0.611,0.59,1.7,2.0,0.833,1.0,5.2,7.75,6.75,1.4,1.0,-0.85,1.7,16.5,33.25
198,198,John Henson,PF,29,CLE,15,0,12.3,1.6,3.1,0.511,0.05,0.8,0.16699999999999998,1.5,2.3,0.629,0.532,0.4,1.1,0.353,0.9,2.3,4.0,1.9500000000000002,1.4,2.8,-0.35,1.5,3.7,13.549999999999999
199,199,Dewan Hernandez,C,23,TOR,4,0,2.8,0.3,1.3,0.2,0.0,0.3,0.0,0.3,1.0,0.25,0.2,0.5,0.5,1.0,0.5,1.3,2.25,0.0,0.6,0.0,-0.15,1.5,1.0,3.7
200,200,Juan Hernangómez,PF,24,DEN,21,0,12.4,1.2,3.3,0.35700000000000004,0.3,2.1,0.267,0.6,1.2,0.52,0.44299999999999995,0.4,0.7,0.5329999999999999,0.6,1.8,2.875,1.0499999999999998,0.0,0.2,-0.25,0.8,3.3,7.475
201,201,Willy Hernangómez,C,25,CHO,12,0,6.0,1.0,2.5,0.4,0.1,0.7,0.25,0.8,1.8,0.455,0.433,0.5,1.1,0.462,0.9,1.3,2.75,0.44999999999999996,0.2,0.6,-0.25,0.4,2.7,6.550000000000001
202,202,Tyler Herro,SG,20,MIA,32,3,28.6,5.0,11.8,0.42,1.05,5.3,0.386,2.9,6.5,0.447,0.507,1.7,2.0,0.857,0.3,4.0,5.375,3.1500000000000004,1.4,0.2,-0.95,1.3,13.7,23.924999999999997
203,203,Kevin Hervey,F,23,OKC,2,0,4.0,0.0,2.0,0.0,0.0,1.5,0.0,0.0,0.5,0.0,0.0,0.0,0.0,,0.0,1.0,1.25,0.75,0.0,0.0,-0.0,0.5,0.0,2.0
204,204,Mario Hezonja,PF,24,POR,25,4,16.6,1.4,4.0,0.35,0.2,1.3,0.313,1.0,2.7,0.368,0.4,1.0,1.2,0.828,0.6,3.7,5.375,1.35,1.0,0.2,-0.4,2.2,4.2,11.924999999999999
205,205,Buddy Hield,SG,27,SAC,34,34,34.3,7.4,18.0,0.414,1.8,10.1,0.359,3.8,7.9,0.485,0.515,1.7,2.1,0.8190000000000001,0.9,4.1,6.25,4.65,1.6,0.6,-1.25,2.5,20.2,33.85
206,206,George Hill,PG,33,MIL,34,0,21.5,3.7,6.6,0.5579999999999999,0.8,3.1,0.519,2.1,3.5,0.5920000000000001,0.679,1.3,1.6,0.83,1.0,2.2,3.875,4.35,1.4,0.2,-0.45,1.4,10.2,20.375
207,207,Solomon Hill,SF,28,MEM,32,2,19.7,2.2,5.3,0.409,0.65,3.2,0.392,0.9,2.2,0.435,0.526,0.5,0.8,0.708,0.6,2.7,4.125,2.7,1.6,0.4,-0.45,1.6,6.2,15.225000000000001
208,208,Jaylen Hoard,SF,20,POR,5,0,3.6,0.6,1.2,0.5,0.0,0.0,,0.6,1.2,0.5,0.5,0.2,0.4,0.5,0.6,0.8,1.75,0.6000000000000001,0.4,0.0,-0.0,0.2,1.4,4.15
209,209,Aaron Holiday,PG,23,IND,32,14,23.4,4.0,9.2,0.431,0.85,4.0,0.425,2.3,5.3,0.435,0.522,1.1,1.3,0.878,0.4,2.2,3.25,4.800000000000001,1.6,0.4,-0.7,1.8,10.8,21.000000000000004
210,210,Jrue Holiday,SG,29,NOP,32,32,35.7,8.0,18.0,0.442,1.0,5.8,0.348,6.0,12.3,0.486,0.49700000000000005,1.9,2.8,0.6890000000000001,1.4,3.5,6.125,9.75,3.6,1.6,-1.55,2.2,19.9,40.425000000000004
211,211,Justin Holiday,SG,30,IND,34,2,25.2,2.6,6.6,0.39299999999999996,0.75,4.1,0.369,1.1,2.4,0.434,0.509,0.7,0.9,0.828,0.5,3.1,4.5,2.0999999999999996,2.2,1.2,-0.25,1.6,7.4,17.9
212,212,Rondae Hollis-Jefferson,SF,25,TOR,26,1,19.9,3.1,6.2,0.49700000000000005,0.05,0.4,0.2,3.0,5.8,0.517,0.503,2.1,2.8,0.753,2.2,3.0,6.5,2.25,1.4,0.8,-0.55,2.1,8.3,18.75
213,213,Richaun Holmes,C,26,SAC,34,30,29.4,5.5,8.3,0.664,0.0,0.0,,5.5,8.3,0.664,0.664,2.1,2.5,0.833,3.1,5.4,10.75,1.6500000000000001,2.2,2.8,-0.6,4.0,13.1,29.9
214,214,Rodney Hood,SF,27,POR,21,21,29.5,4.1,8.2,0.506,0.85,3.4,0.493,2.5,4.8,0.515,0.608,1.0,1.3,0.778,0.5,3.0,4.25,2.25,1.6,0.4,-0.45,2.2,11.0,19.900000000000002
215,215,Al Horford,C,33,PHI,32,32,30.5,5.1,11.3,0.45,0.7,4.0,0.341,3.7,7.3,0.511,0.511,0.8,1.2,0.6920000000000001,1.6,4.9,8.125,5.699999999999999,2.0,2.0,-0.55,2.3,12.4,30.375
216,216,Talen Horton-Tucker,SG,19,LAL,2,0,2.5,0.0,0.5,0.0,0.0,0.5,0.0,0.0,0.0,,0.0,0.0,0.0,,0.0,0.0,0.0,1.5,1.0,0.0,-0.0,0.0,0.0,2.5
217,217,Danuel House,SF,26,HOU,28,26,30.8,3.9,9.0,0.435,1.1,5.8,0.38,1.7,3.2,0.5329999999999999,0.557,1.3,1.6,0.7609999999999999,1.2,2.9,5.0,1.9500000000000002,2.0,1.2,-0.5,2.2,11.3,22.049999999999997
218,218,Dwight Howard,C,34,LAL,34,0,19.5,2.9,3.9,0.75,0.0,0.1,0.33299999999999996,2.9,3.8,0.76,0.754,1.3,2.6,0.478,2.2,4.6,8.5,1.0499999999999998,0.8,2.6,-0.6,3.4,7.1,19.45
219,219,Kevin Huerter,SG,21,ATL,23,15,25.6,3.4,8.7,0.39,0.85,5.0,0.348,1.7,3.7,0.447,0.49,1.3,1.6,0.833,0.5,2.9,4.125,5.1,2.0,1.0,-0.9,2.2,9.8,21.975
220,220,De'Andre Hunter,SF,22,ATL,33,32,31.8,4.6,11.5,0.39899999999999997,0.85,4.9,0.344,2.9,6.5,0.442,0.474,1.8,2.3,0.7659999999999999,0.5,3.4,4.875,2.7,1.4,0.6,-0.85,2.6,12.6,22.174999999999997
221,221,Chandler Hutchison,SF,23,CHI,9,6,17.1,2.2,4.9,0.455,0.3,1.3,0.41700000000000004,1.7,3.6,0.469,0.511,2.1,3.2,0.655,0.1,3.6,4.625,1.35,1.2,0.4,-0.65,1.3,7.1,14.324999999999998
222,222,Serge Ibaka,C,30,TOR,24,7,25.1,5.6,11.3,0.493,0.45,2.5,0.35,4.7,8.8,0.5329999999999999,0.531,2.0,2.6,0.778,2.1,5.9,10.0,1.9500000000000002,1.0,1.8,-1.0,2.7,14.1,28.299999999999997
223,223,Ersan İlyasova,PF,32,MIL,33,4,17.0,3.0,5.9,0.513,0.5,2.5,0.381,2.1,3.4,0.613,0.595,1.4,1.7,0.807,1.3,4.2,6.875,1.6500000000000001,0.8,0.8,-0.3,1.4,8.4,18.725
224,224,Joe Ingles,SF,32,UTA,33,13,29.9,3.5,8.0,0.442,1.05,5.1,0.405,1.5,2.9,0.505,0.57,1.1,1.3,0.795,0.4,4.0,5.625,6.449999999999999,1.8,0.4,-1.05,2.3,10.2,24.474999999999998
225,225,Brandon Ingram,PF,22,NOP,30,30,34.1,9.0,18.3,0.491,1.15,5.7,0.409,6.6,12.6,0.528,0.555,5.0,5.8,0.857,0.8,6.2,8.75,5.85,2.0,1.6,-1.45,2.9,25.3,43.2
226,226,Kyrie Irving,PG,27,BRK,11,11,33.8,10.2,22.9,0.444,1.4,8.3,0.341,7.4,14.6,0.503,0.506,5.4,5.7,0.937,0.9,4.5,6.75,10.8,2.2,1.0,-1.2,2.9,28.5,49.45
227,227,Jonathan Isaac,SF,22,ORL,32,32,29.7,4.7,10.1,0.46299999999999997,0.45,2.8,0.33,3.7,7.2,0.515,0.509,1.8,2.3,0.767,1.8,5.2,8.625,2.0999999999999996,3.2,4.8,-0.75,2.5,12.0,30.424999999999997
228,228,Wesley Iwundu,SF,25,ORL,20,5,14.9,1.1,3.5,0.314,0.05,1.0,0.053,1.1,2.6,0.41200000000000003,0.321,1.1,1.2,0.875,0.5,1.8,2.875,1.5,1.2,0.6,-0.25,1.2,3.3,9.274999999999999
229,229,Frank Jackson,PG,21,NOP,27,1,13.1,2.0,5.5,0.369,0.35,2.6,0.29,1.3,3.0,0.43799999999999994,0.436,1.0,1.2,0.813,0.2,1.0,1.5,1.35,0.6,0.0,-0.45,1.4,5.8,9.15
230,230,Jaren Jackson,C,20,MEM,33,33,27.8,6.4,13.5,0.47100000000000003,1.25,6.4,0.396,3.8,7.1,0.5379999999999999,0.565,2.3,3.1,0.755,1.0,3.7,5.875,2.25,1.2,2.6,-0.9,4.0,17.6,29.875000000000004
231,231,Justin Jackson,PF,24,DAL,29,0,14.9,2.2,5.4,0.414,0.45,2.8,0.33299999999999996,1.3,2.6,0.5,0.5,0.6,0.8,0.7829999999999999,0.4,2.1,3.125,0.8999999999999999,0.4,0.2,-0.1,1.2,6.0,10.975
232,232,Reggie Jackson,PG,29,DET,2,2,18.0,2.0,5.5,0.364,0.25,2.5,0.2,1.5,3.0,0.5,0.409,0.5,0.5,1.0,0.5,2.0,3.125,6.0,0.0,0.0,-0.25,1.0,5.0,14.125
233,233,Justin James,SG,23,SAC,16,0,11.0,1.6,3.8,0.41700000000000004,0.2,1.3,0.28600000000000003,1.2,2.4,0.48700000000000004,0.467,0.2,0.7,0.273,0.3,1.4,2.0,1.0499999999999998,0.6,1.0,-0.2,0.8,3.7,8.350000000000001
234,234,LeBron James,PG,35,LAL,33,33,35.1,9.7,19.8,0.489,1.05,6.2,0.34299999999999997,7.5,13.6,0.555,0.542,3.8,5.6,0.6859999999999999,1.1,6.6,9.625,16.35,2.6,1.2,-1.9,1.8,25.3,54.22500000000001
235,235,Amile Jefferson,PF,26,ORL,10,0,4.0,0.3,0.6,0.5,0.0,0.0,,0.3,0.6,0.5,0.5,0.2,0.6,0.33299999999999996,0.5,0.8,1.625,0.6000000000000001,0.0,0.4,-0.1,0.4,0.8,3.3249999999999997
236,236,DaQuan Jeffries,SG,22,SAC,2,0,5.5,0.5,0.5,1.0,0.0,0.0,,0.5,0.5,1.0,1.0,0.0,0.0,,0.5,0.0,0.625,0.75,0.0,0.0,-0.0,0.5,1.0,2.375
237,237,Ty Jerome,PG,22,PHO,10,0,13.4,1.6,4.9,0.327,0.3,2.0,0.3,1.0,2.9,0.345,0.38799999999999996,0.4,0.5,0.8,0.3,1.4,2.125,3.3000000000000003,2.2,0.0,-0.45,1.3,4.2,11.675
238,238,Alize Johnson,SF,23,IND,10,0,4.3,0.7,1.3,0.5379999999999999,0.0,0.0,,0.7,1.3,0.5379999999999999,0.5379999999999999,0.3,0.4,0.75,0.6,0.9,1.875,0.30000000000000004,0.0,0.0,-0.05,0.6,1.7,3.825
239,239,B.J. Johnson,SF,24,ORL,1,0,3.0,0.0,0.0,,0.0,0.0,,0.0,0.0,,,0.0,0.0,,0.0,0.0,0.0,0.0,0.0,0.0,-0.0,0.0,0.0,0.0
240,240,Cameron Johnson,PF,23,PHO,31,0,20.8,3.0,6.9,0.43200000000000005,1.0,4.8,0.40700000000000003,1.0,2.0,0.49200000000000005,0.575,0.7,0.9,0.7929999999999999,1.0,2.2,4.0,1.5,1.0,0.6,-0.3,1.6,8.6,16.400000000000002
241,241,James Johnson,PF,32,MIA,6,0,11.3,1.3,3.0,0.444,0.15,1.5,0.222,1.0,1.5,0.667,0.5,0.3,0.7,0.5,0.3,1.5,2.25,1.0499999999999998,1.0,0.6,-0.35,0.8,3.3,8.0
242,242,Keldon Johnson,SF,20,SAS,1,0,2.0,0.0,1.0,0.0,0.0,0.0,,0.0,1.0,0.0,0.0,0.0,0.0,,0.0,0.0,0.0,0.0,0.0,0.0,-0.0,0.0,0.0,0.0
243,243,Stanley Johnson,PF,23,TOR,8,0,3.4,0.8,1.6,0.462,0.05,0.5,0.25,0.6,1.1,0.556,0.5,0.3,0.3,1.0,0.3,0.9,1.375,0.0,0.6,0.0,-0.3,0.8,1.9,3.6250000000000004
244,244,Tyler Johnson,SG,27,PHO,23,3,18.2,2.2,5.7,0.382,0.4,2.8,0.292,1.3,2.9,0.47,0.45399999999999996,0.9,1.1,0.769,0.3,1.7,2.5,3.0,0.6,0.6,-0.45,1.4,6.0,12.65
245,245,Nikola Jokić,C,24,DEN,33,33,31.2,7.2,14.4,0.501,0.6,3.9,0.308,6.0,10.5,0.574,0.5429999999999999,2.5,3.1,0.812,2.3,7.6,12.375,10.05,2.0,1.0,-1.3,3.1,18.1,42.825
246,246,Damian Jones,C,24,ATL,31,19,17.4,2.7,3.9,0.6890000000000001,0.05,0.2,0.33299999999999996,2.6,3.7,0.7070000000000001,0.6970000000000001,1.2,1.7,0.698,1.5,2.2,4.625,1.0499999999999998,0.8,1.8,-0.3,3.1,6.7,14.725000000000001
247,247,Derrick Jones,SF,22,MIA,19,0,23.1,2.9,5.6,0.523,0.25,2.0,0.237,2.5,3.6,0.6809999999999999,0.565,1.8,2.5,0.723,0.8,2.9,4.625,1.5,2.4,1.0,-0.4,2.4,8.2,17.575
248,248,Tyus Jones,PG,23,MEM,34,6,19.8,2.6,6.0,0.434,0.25,1.6,0.321,2.1,4.4,0.47700000000000004,0.478,0.6,0.8,0.75,0.1,1.5,2.0,7.199999999999999,1.8,0.2,-0.5,0.8,6.4,17.349999999999998
249,249,DeAndre Jordan,C,31,BRK,29,3,21.3,3.2,5.0,0.644,0.0,0.0,,3.2,5.0,0.644,0.644,1.6,2.3,0.662,2.4,7.6,12.5,3.1500000000000004,0.8,2.0,-0.6,2.0,8.0,25.849999999999998
250,250,Cory Joseph,PG,28,SAC,34,20,26.4,2.4,6.4,0.381,0.3,2.0,0.27899999999999997,1.9,4.4,0.42700000000000005,0.424,0.7,0.8,0.893,0.6,2.3,3.5,5.699999999999999,1.4,0.8,-0.65,2.1,6.2,17.25
251,251,Mfiondu Kabengele,C,22,LAC,10,0,4.4,1.0,2.2,0.455,0.3,1.2,0.5,0.4,1.0,0.4,0.591,0.3,0.3,1.0,0.1,0.7,1.0,0.15000000000000002,0.2,0.2,-0.05,0.6,2.9,4.7
252,252,Frank Kaminsky,C,26,PHO,32,13,22.4,4.0,8.7,0.455,0.6,3.5,0.348,2.8,5.2,0.527,0.525,1.8,2.8,0.67,0.9,4.0,6.125,3.3000000000000003,0.8,0.6,-0.5,2.2,11.0,21.925000000000004
253,253,Enes Kanter,C,27,BOS,24,3,17.7,3.6,6.2,0.584,0.0,0.1,0.33299999999999996,3.6,6.1,0.589,0.5870000000000001,1.3,2.0,0.66,3.0,4.8,9.75,1.6500000000000001,1.2,1.6,-0.4,1.7,8.6,22.400000000000002
254,254,Luke Kennard,SG,23,DET,28,25,32.9,5.4,12.2,0.442,1.3,6.5,0.39899999999999997,2.8,5.7,0.491,0.5479999999999999,2.4,2.7,0.893,0.3,3.2,4.375,6.1499999999999995,0.8,0.4,-0.75,2.3,15.8,28.075
255,255,Stanton Kidd,SF,27,UTA,4,0,3.8,0.0,0.8,0.0,0.0,0.3,0.0,0.0,0.5,0.0,0.0,0.0,0.0,,0.0,0.8,1.0,0.44999999999999996,0.0,0.0,-0.25,0.8,0.0,1.2
256,256,Michael Kidd-Gilchrist,PF,26,CHO,11,0,13.7,1.5,4.6,0.33299999999999996,0.25,1.5,0.294,1.1,3.1,0.353,0.382,0.6,0.8,0.778,0.8,2.3,3.875,1.2000000000000002,0.0,0.6,-0.3,1.6,4.2,9.824999999999998
257,257,Louis King,F,20,DET,3,0,3.0,1.0,2.3,0.429,0.15,1.0,0.33299999999999996,0.7,1.3,0.5,0.5,0.0,0.0,,0.3,0.3,0.875,0.44999999999999996,0.6,0.0,-0.15,0.3,2.3,4.224999999999999
258,258,Maxi Kleber,C,28,DAL,32,6,24.1,2.9,6.4,0.447,0.75,3.9,0.387,1.4,2.6,0.537,0.563,1.0,1.1,0.889,1.7,3.9,7.0,1.5,0.6,1.4,-0.4,2.3,8.3,19.150000000000002
259,259,Brandon Knight,PG,28,CLE,10,0,11.4,1.6,4.7,0.34,0.6,3.5,0.34299999999999997,0.4,1.2,0.33299999999999996,0.46799999999999997,0.3,0.8,0.375,0.1,0.7,1.0,2.4000000000000004,0.8,0.2,-0.4,0.9,4.7,9.299999999999999
260,260,Kevin Knox,SF,20,NYK,33,4,20.0,2.7,7.0,0.38299999999999995,0.65,3.7,0.344,1.4,3.3,0.426,0.474,1.2,1.8,0.6829999999999999,0.4,2.7,3.875,1.7999999999999998,1.0,1.0,-0.4,1.6,7.8,15.725
261,261,John Konchar,SG,23,MEM,2,0,4.0,0.0,0.0,,0.0,0.0,,0.0,0.0,,,0.0,0.0,,0.0,0.5,0.625,0.0,0.0,0.0,-0.0,0.0,0.0,0.625
262,262,Furkan Korkmaz,SG,22,PHI,35,11,20.6,3.1,7.1,0.435,0.8,4.2,0.381,1.5,2.9,0.515,0.5479999999999999,0.5,0.7,0.76,0.2,2.0,2.75,1.2000000000000002,1.0,0.4,-0.35,1.4,8.3,14.100000000000001
263,263,Luke Kornet,C,24,CHI,17,0,8.9,1.0,2.9,0.34,0.2,1.7,0.24100000000000002,0.6,1.2,0.47600000000000003,0.41,0.3,0.3,1.0,0.4,1.1,1.75,0.6000000000000001,0.2,1.2,-0.1,0.8,2.7,6.550000000000001
264,264,Kyle Korver,SF,38,MIL,31,0,16.7,2.1,5.0,0.41,0.85,4.1,0.409,0.4,0.9,0.414,0.5770000000000001,0.6,0.7,0.857,0.3,1.6,2.375,1.6500000000000001,1.0,0.4,-0.45,1.2,6.4,12.225000000000001
265,265,Rodions Kurucs,PF,21,BRK,17,0,10.6,1.1,2.4,0.439,0.2,0.9,0.467,0.6,1.5,0.423,0.524,0.3,0.6,0.5,0.5,1.8,2.875,0.75,0.8,0.2,-0.55,1.6,2.8,7.075
266,266,Kyle Kuzma,PF,24,LAL,25,1,23.8,4.4,10.3,0.426,0.85,4.9,0.35,2.7,5.4,0.496,0.51,1.7,2.2,0.75,0.6,3.0,4.5,1.2000000000000002,0.8,0.8,-0.75,1.7,12.2,19.599999999999998
267,267,Skal Labissière,C,23,POR,33,1,17.2,2.5,4.5,0.551,0.05,0.4,0.231,2.4,4.1,0.5820000000000001,0.561,0.8,1.0,0.758,2.0,3.2,6.375,1.9500000000000002,0.4,1.8,-0.45,2.7,5.8,15.925
268,268,Jeremy Lamb,SG,27,IND,23,23,30.0,5.1,11.4,0.445,0.55,3.7,0.302,4.0,7.7,0.514,0.494,2.3,2.8,0.8440000000000001,0.6,4.0,5.75,3.9000000000000004,2.6,1.2,-0.7,2.1,13.7,27.0
269,269,Romeo Langford,SG,20,BOS,8,0,11.0,0.9,2.3,0.389,0.15,1.1,0.222,0.6,1.1,0.556,0.444,0.6,0.8,0.833,0.5,0.4,1.125,0.15000000000000002,0.8,0.6,-0.15,0.8,2.6,5.2749999999999995
270,270,Zach LaVine,SG,24,CHI,34,34,33.3,7.9,18.5,0.42700000000000005,1.55,7.8,0.39799999999999996,4.8,10.7,0.44799999999999995,0.51,4.5,5.4,0.8320000000000001,0.7,3.9,5.75,5.85,2.6,0.8,-1.7,2.3,23.4,38.24999999999999
271,271,Jake Layman,PF,25,MIN,14,2,26.4,4.4,9.4,0.462,0.7,3.9,0.35200000000000004,3.0,5.6,0.5379999999999999,0.534,0.4,0.7,0.6,0.9,2.1,3.625,1.2000000000000002,1.8,1.4,-0.65,2.2,10.5,18.575
272,272,T.J. Leaf,PF,22,IND,21,1,8.4,1.3,3.1,0.415,0.1,0.7,0.35700000000000004,1.0,2.4,0.431,0.45399999999999996,0.3,0.5,0.6,1.0,1.9,3.5,0.44999999999999996,0.6,0.2,-0.15,0.8,3.1,7.8
273,273,Courtney Lee,SG,34,DAL,8,3,8.6,1.6,2.8,0.591,0.45,1.5,0.583,0.8,1.3,0.6,0.75,0.0,0.0,,0.0,0.4,0.5,0.6000000000000001,0.0,0.6,-0.15,0.6,4.1,6.1
274,274,Damion Lee,SG,27,GSW,21,8,25.9,4.1,9.7,0.429,0.7,3.6,0.387,2.8,6.1,0.45299999999999996,0.5,2.9,3.3,0.884,1.0,4.4,6.75,3.1500000000000004,1.6,0.0,-0.55,1.8,12.6,24.249999999999996
275,275,Alex Len,C,26,ATL,32,9,18.0,3.6,6.3,0.564,0.2,1.4,0.311,3.1,4.9,0.637,0.599,1.1,1.8,0.625,1.6,3.8,6.75,1.7999999999999998,1.0,1.4,-0.5,2.3,8.7,19.349999999999998
276,276,Kawhi Leonard,SF,28,LAC,26,26,32.0,8.9,19.7,0.452,0.9,5.0,0.35700000000000004,7.1,14.7,0.484,0.49700000000000005,6.0,6.8,0.887,1.1,6.5,9.5,7.800000000000001,3.6,1.0,-1.65,2.0,25.6,46.75
277,277,Meyers Leonard,PF,27,MIA,33,33,19.0,2.3,4.2,0.555,0.45,1.9,0.469,1.4,2.2,0.63,0.664,0.3,0.5,0.667,0.6,4.1,5.875,1.5,0.4,0.8,-0.4,2.1,5.8,14.425
278,278,Caris LeVert,SG,25,BRK,9,9,31.6,6.6,15.6,0.42100000000000004,0.7,4.0,0.361,5.1,11.6,0.442,0.46799999999999997,2.2,3.4,0.645,1.1,3.9,6.25,6.0,1.4,0.2,-1.7,2.2,16.8,29.65
279,279,Damian Lillard,PG,29,POR,33,33,36.8,8.3,19.0,0.43799999999999994,1.7,9.5,0.35200000000000004,5.0,9.5,0.524,0.526,6.7,7.5,0.887,0.5,3.8,5.375,11.399999999999999,2.0,0.8,-1.4,1.9,26.7,46.574999999999996
280,280,Nassir Little,PF,19,POR,24,3,13.8,1.3,3.4,0.395,0.1,1.3,0.16699999999999998,1.1,2.1,0.529,0.426,0.7,1.1,0.654,0.9,2.0,3.625,0.8999999999999999,0.6,0.6,-0.25,1.7,3.6,9.174999999999999
281,281,Kevon Looney,C,23,GSW,10,3,10.5,1.1,3.2,0.344,0.05,0.2,0.5,1.0,3.0,0.33299999999999996,0.359,0.3,0.5,0.6,1.5,1.4,3.625,0.6000000000000001,0.6,0.4,-0.3,1.7,2.6,7.575
282,282,Brook Lopez,C,31,MIL,34,34,26.6,3.7,9.1,0.405,0.7,4.9,0.297,2.2,4.2,0.528,0.484,1.6,1.8,0.871,0.7,4.2,6.125,2.4000000000000004,1.4,5.0,-0.5,2.3,10.4,25.525
283,283,Robin Lopez,C,31,MIL,36,2,14.6,2.4,4.6,0.521,0.25,1.6,0.298,1.9,3.0,0.639,0.573,0.5,0.9,0.529,1.0,1.7,3.25,1.0499999999999998,0.4,1.4,-0.5,1.4,5.8,11.650000000000002
284,284,Kevin Love,PF,31,CLE,28,28,30.6,5.4,12.0,0.44799999999999995,1.2,6.3,0.375,3.0,5.7,0.528,0.546,3.4,4.1,0.8420000000000001,1.0,9.6,13.25,4.35,1.2,0.8,-1.35,1.4,16.5,35.949999999999996
285,285,Kyle Lowry,PG,33,TOR,23,23,38.0,6.3,14.7,0.42700000000000005,1.55,8.5,0.369,3.1,6.2,0.507,0.534,5.3,6.0,0.871,0.5,4.3,6.0,11.25,2.4,0.8,-1.65,3.0,20.9,41.25
286,286,Timothé Luwawu-Cabarrot,SG,24,BRK,10,0,16.9,1.6,4.1,0.39,0.4,2.1,0.381,0.8,2.0,0.4,0.488,0.9,1.2,0.75,0.3,1.9,2.75,0.8999999999999999,1.0,0.2,-0.55,1.5,4.9,9.6
287,287,Trey Lyles,PF,24,SAS,32,22,17.0,1.8,4.1,0.435,0.4,2.2,0.35700000000000004,1.0,1.9,0.525,0.531,0.3,0.5,0.688,1.1,4.5,7.0,1.9500000000000002,0.6,0.6,-0.3,1.1,4.7,14.95
288,288,Daryl Macon,SG,24,MIA,4,0,3.5,0.3,0.8,0.33299999999999996,0.15,0.5,0.5,0.0,0.3,0.0,0.5,0.0,0.0,,0.0,0.0,0.0,0.44999999999999996,0.0,0.0,-0.25,0.3,0.8,1.15
289,289,Josh Magette,PG,30,ORL,5,0,2.8,0.6,1.6,0.375,0.0,0.0,,0.6,1.6,0.375,0.375,0.2,0.4,0.5,0.2,0.4,0.75,0.6000000000000001,0.8,0.0,-0.3,0.0,1.4,3.25
290,290,Ian Mahinmi,C,33,WAS,13,10,21.2,3.1,5.7,0.541,0.1,0.8,0.273,2.8,4.8,0.5870000000000001,0.561,2.1,3.5,0.5870000000000001,2.4,3.5,7.25,1.2000000000000002,1.4,3.0,-0.75,2.9,8.5,20.7
291,291,Thon Maker,C,22,DET,32,3,11.1,1.1,2.2,0.493,0.15,0.7,0.381,0.8,1.6,0.54,0.5489999999999999,1.1,1.7,0.66,0.6,1.3,2.375,0.6000000000000001,0.6,1.2,-0.3,1.3,3.5,8.124999999999998
292,292,Terance Mann,SG,23,LAC,22,5,9.2,1.0,1.9,0.5,0.05,0.4,0.222,0.9,1.5,0.5760000000000001,0.524,0.4,0.5,0.8,0.1,1.0,1.375,1.9500000000000002,0.6,0.2,-0.25,1.2,2.4,6.325
293,293,Boban Marjanović,C,31,DAL,16,1,9.6,2.1,3.9,0.524,0.0,0.3,0.0,2.1,3.7,0.5589999999999999,0.524,0.9,1.3,0.7,1.1,3.1,5.125,0.75,0.2,0.4,-0.4,1.6,5.0,11.075
294,294,Lauri Markkanen,PF,22,CHI,34,34,30.1,5.0,11.9,0.419,1.05,6.2,0.34600000000000003,2.9,5.7,0.49700000000000005,0.509,2.9,3.6,0.818,1.1,5.5,8.25,2.4000000000000004,1.8,1.2,-0.9,2.0,15.1,28.9
295,295,Caleb Martin,SF,24,CHO,5,0,6.4,0.6,2.0,0.3,0.0,0.6,0.0,0.6,1.4,0.429,0.3,0.6,1.0,0.6,0.2,0.8,1.25,0.8999999999999999,0.4,0.8,-0.3,0.6,1.8,4.85
296,296,Cody Martin,SF,24,CHO,27,0,15.2,1.4,3.5,0.40399999999999997,0.15,1.4,0.21100000000000002,1.1,2.1,0.536,0.447,1.1,1.6,0.69,0.6,2.1,3.375,1.9500000000000002,1.6,0.2,-0.3,1.6,4.2,11.174999999999999
297,297,Kelan Martin,SF,24,MIN,14,2,16.6,2.1,5.9,0.366,0.45,3.3,0.28300000000000003,1.2,2.6,0.47200000000000003,0.445,0.1,0.1,1.0,0.3,2.9,4.0,0.75,0.4,0.6,-0.2,2.1,5.4,11.400000000000002
298,298,Frank Mason,PG,25,MIL,4,0,4.5,0.3,1.8,0.14300000000000002,0.15,1.0,0.25,0.0,0.8,0.0,0.214,0.5,1.0,0.5,0.3,0.3,0.625,1.9500000000000002,0.6,0.0,-0.15,0.5,1.3,4.475
299,299,Garrison Mathews,SG,23,WAS,12,0,12.3,1.3,2.8,0.47100000000000003,0.5,2.4,0.414,0.3,0.4,0.8,0.647,2.0,2.2,0.9229999999999999,0.5,1.2,2.125,0.8999999999999999,0.4,0.2,-0.3,1.8,5.7,9.524999999999999
300,300,Wesley Matthews,SG,33,MIL,33,33,23.9,2.6,6.1,0.431,0.8,4.2,0.38,1.1,2.0,0.5379999999999999,0.5589999999999999,0.9,1.2,0.795,0.2,2.2,3.0,2.0999999999999996,1.4,0.4,-0.35,1.5,7.8,15.15
301,301,Patrick McCaw,SF,24,TOR,13,7,26.2,2.5,5.3,0.46399999999999997,0.5,2.6,0.382,1.5,2.7,0.5429999999999999,0.5579999999999999,0.3,0.5,0.667,0.5,2.0,3.125,3.0,2.4,0.2,-0.6,1.6,6.2,14.825
302,302,CJ McCollum,SG,28,POR,35,35,36.5,8.8,19.4,0.455,1.35,7.1,0.375,6.2,12.3,0.501,0.524,1.9,2.4,0.807,0.7,3.5,5.375,5.550000000000001,1.6,1.4,-0.95,2.6,22.2,36.525
303,303,T.J. McConnell,PG,27,IND,32,0,18.5,3.2,6.3,0.507,0.05,0.3,0.3,3.1,6.0,0.518,0.515,0.6,0.7,0.826,0.5,2.2,3.375,7.800000000000001,1.2,0.4,-0.7,1.1,7.1,19.224999999999998
304,304,Jalen McDaniels,PF,22,CHO,2,0,3.5,1.0,2.5,0.4,0.0,0.5,0.0,1.0,2.0,0.5,0.4,0.0,0.0,,0.5,0.0,0.625,0.0,0.0,0.0,-0.0,0.0,2.0,2.625
305,305,Doug McDermott,PF,28,IND,34,0,21.2,3.7,7.7,0.479,0.95,4.1,0.45299999999999996,1.8,3.6,0.508,0.6,0.6,0.8,0.8079999999999999,0.5,2.4,3.5,1.6500000000000001,0.2,0.2,-0.35,1.9,9.8,15.950000000000001
306,306,JaVale McGee,C,32,LAL,34,34,16.5,3.1,4.9,0.633,0.0,0.0,1.0,3.1,4.9,0.63,0.636,0.7,1.1,0.622,1.9,3.9,7.25,1.0499999999999998,1.0,3.2,-0.4,2.4,6.9,19.0
307,307,Rodney McGruder,SG,28,LAC,23,2,17.3,1.5,3.8,0.386,0.35,2.3,0.308,0.8,1.6,0.5,0.47700000000000004,0.3,0.5,0.5,0.6,2.3,3.625,0.8999999999999999,1.0,0.4,-0.2,1.8,3.9,9.975000000000001
308,308,Alfonzo McKinnie,SF,27,CLE,21,0,9.6,1.0,2.6,0.364,0.2,1.2,0.32,0.6,1.4,0.4,0.436,0.3,0.5,0.636,0.5,1.3,2.25,0.15000000000000002,0.6,0.2,-0.2,1.0,2.6,5.800000000000001
309,309,Jordan McLaughlin,PG,23,MIN,5,0,16.0,2.2,5.6,0.39299999999999996,0.4,2.8,0.28600000000000003,1.4,2.8,0.5,0.46399999999999997,0.8,0.8,1.0,0.2,1.6,2.25,3.5999999999999996,1.6,0.0,-0.4,1.0,6.0,13.45
310,310,Ben McLemore,SG,26,HOU,34,8,23.9,3.3,8.1,0.405,1.2,6.9,0.355,0.8,1.2,0.7,0.557,1.1,1.3,0.8,0.4,2.1,3.0,1.5,1.4,0.4,-0.4,2.0,10.0,17.099999999999998
311,311,Jordan McRae,SG,28,WAS,17,0,20.3,4.0,8.4,0.47600000000000003,0.75,3.2,0.473,2.5,5.2,0.47700000000000004,0.5660000000000001,1.9,2.4,0.805,0.2,2.6,3.625,4.35,1.4,0.8,-0.55,2.0,11.5,21.875
312,312,Nicolò Melli,C,29,NOP,26,3,14.2,1.7,4.2,0.39399999999999996,0.45,2.9,0.307,0.8,1.3,0.588,0.5,0.9,1.2,0.767,0.5,1.8,2.875,1.5,1.0,0.4,-0.35,1.7,5.1,10.975000000000001
313,313,De'Anthony Melton,PG,21,MEM,23,0,16.6,2.6,5.7,0.45,0.3,1.6,0.361,2.0,4.1,0.484,0.5,1.5,1.8,0.8540000000000001,0.8,2.9,4.625,4.5,2.6,0.4,-0.75,2.0,7.2,18.875
314,314,Chimezie Metu,PF,22,SAS,9,0,3.8,1.2,2.2,0.55,0.0,0.0,,1.2,2.2,0.55,0.55,0.2,0.4,0.5,0.9,0.9,2.25,0.30000000000000004,0.2,0.6,-0.05,0.1,2.7,6.0
315,315,Khris Middleton,SF,28,MIL,29,26,28.2,7.0,14.6,0.48,1.05,5.3,0.396,4.9,9.3,0.528,0.552,2.7,3.0,0.895,0.9,4.8,7.125,5.699999999999999,2.0,0.4,-1.05,2.3,18.8,34.025
316,316,C.J. Miles,SG,32,WAS,10,0,16.1,1.9,5.9,0.322,0.55,3.5,0.314,0.8,2.4,0.33299999999999996,0.415,1.5,2.0,0.75,0.4,0.8,1.5,1.7999999999999998,2.0,0.8,-0.2,1.4,6.4,12.850000000000001
317,317,Malcolm Miller,SF,26,TOR,19,1,5.7,0.3,1.0,0.316,0.15,0.8,0.33299999999999996,0.1,0.2,0.25,0.447,0.1,0.3,0.16699999999999998,0.1,0.7,0.875,0.6000000000000001,0.4,0.2,-0.1,0.5,0.9,3.0250000000000004
318,318,Patty Mills,PG,31,SAS,32,1,23.3,4.1,9.0,0.45,1.15,5.5,0.41700000000000004,1.8,3.6,0.5,0.5760000000000001,1.3,1.7,0.759,0.3,1.3,2.0,3.1500000000000004,1.8,0.4,-0.5,1.5,11.7,19.7
319,319,Paul Millsap,PF,34,DEN,29,29,25.0,4.4,9.1,0.483,0.55,2.3,0.456,3.3,6.7,0.49200000000000005,0.542,2.6,2.9,0.882,2.0,3.8,7.375,2.0999999999999996,1.8,1.6,-0.65,2.7,12.4,25.175000000000008
320,320,Shake Milton,SG,23,PHI,11,0,9.0,1.4,3.7,0.366,0.25,2.0,0.22699999999999998,0.9,1.7,0.526,0.42700000000000005,0.9,1.2,0.769,0.2,1.2,1.75,1.0499999999999998,0.2,0.2,-0.6,1.4,4.1,6.95
321,321,Donovan Mitchell,SG,23,UTA,33,33,34.9,9.4,20.4,0.45799999999999996,1.1,6.2,0.353,7.2,14.2,0.504,0.512,4.3,5.1,0.8390000000000001,0.8,3.8,5.75,6.300000000000001,2.4,0.6,-1.25,2.4,25.2,40.099999999999994
322,322,Naz Mitrou-Long,SG,26,IND,3,0,14.3,2.0,5.3,0.375,0.35,3.7,0.182,1.3,1.7,0.8,0.43799999999999994,0.0,0.0,,0.0,2.0,2.5,3.4499999999999997,0.6,0.6,-0.35,0.3,4.7,11.85
323,323,Adam Mokoka,G,21,CHI,2,0,3.0,0.0,2.5,0.0,0.0,1.0,0.0,0.0,1.5,0.0,0.0,0.0,0.0,,1.0,0.0,1.25,0.0,0.0,0.0,-0.0,0.0,0.0,1.25
324,324,Malik Monk,SG,21,CHO,35,0,20.2,3.5,8.2,0.434,0.45,3.7,0.258,2.6,4.5,0.5760000000000001,0.491,1.2,1.4,0.82,0.4,2.4,3.5,3.1500000000000004,1.0,0.4,-0.65,1.4,9.2,17.049999999999997
325,325,E'Twaun Moore,SG,30,NOP,22,3,20.0,3.9,9.0,0.431,0.8,3.7,0.43200000000000005,2.3,5.3,0.431,0.52,0.6,1.0,0.609,0.8,2.3,3.75,2.4000000000000004,1.0,0.2,-0.3,1.5,10.0,17.85
326,326,Ja Morant,PG,20,MEM,28,28,29.3,6.5,13.9,0.466,0.45,2.3,0.397,5.6,11.6,0.48,0.499,3.6,4.6,0.789,0.6,2.6,4.0,9.75,2.0,0.6,-1.55,1.7,17.4,32.65
327,327,Juwan Morgan,PF,22,UTA,4,0,3.8,0.0,0.3,0.0,0.0,0.3,0.0,0.0,0.0,,0.0,0.0,0.0,,0.0,0.8,1.0,0.44999999999999996,0.0,0.6,-0.15,0.5,0.0,1.9
328,328,Marcus Morris,SF,30,NYK,31,31,31.5,6.0,14.0,0.426,1.3,5.7,0.452,3.4,8.3,0.409,0.518,3.7,4.4,0.8590000000000001,1.1,4.6,7.0,2.25,1.6,0.8,-0.8,3.0,18.3,30.450000000000003
329,329,Markieff Morris,PF,30,DET,31,15,22.5,4.0,8.5,0.47,0.85,4.2,0.41100000000000003,2.3,4.4,0.526,0.57,1.1,1.5,0.745,0.5,3.4,4.875,2.55,1.2,0.4,-0.85,2.3,10.8,19.824999999999996
330,330,Monte Morris,PG,24,DEN,33,0,17.8,2.8,6.6,0.433,0.3,1.5,0.4,2.2,5.1,0.44299999999999995,0.479,0.8,1.1,0.7709999999999999,0.3,1.3,2.0,4.800000000000001,1.4,0.4,-0.3,0.8,7.1,15.7
331,331,Johnathan Motley,PF,24,LAC,5,0,2.2,0.2,0.6,0.33299999999999996,0.1,0.2,1.0,0.0,0.4,0.0,0.5,0.4,0.4,1.0,0.2,0.2,0.5,0.8999999999999999,1.2,0.0,-0.3,0.8,1.0,3.4000000000000004
332,332,Emmanuel Mudiay,PG,23,UTA,30,0,16.5,2.8,5.9,0.47200000000000003,0.25,1.5,0.35600000000000004,2.3,4.4,0.511,0.517,1.1,1.4,0.767,0.3,2.3,3.25,3.5999999999999996,0.6,0.4,-0.8,1.6,7.2,14.499999999999998
333,333,Dejounte Murray,PG,23,SAS,29,21,23.8,4.2,8.7,0.488,0.2,1.3,0.289,3.9,7.4,0.523,0.51,1.6,2.0,0.7929999999999999,1.1,4.7,7.25,6.1499999999999995,3.6,0.6,-1.1,2.5,10.4,27.1
334,334,Jamal Murray,PG,22,DEN,33,33,31.9,6.4,14.8,0.429,0.85,5.0,0.331,4.7,9.8,0.48,0.486,2.7,3.0,0.909,0.9,3.3,5.25,6.8999999999999995,2.8,0.6,-1.15,1.8,17.1,32.35
335,335,Džanan Musa,SF,20,BRK,23,0,13.3,1.4,4.3,0.32,0.2,2.2,0.18,1.0,2.2,0.46,0.365,1.0,1.3,0.742,0.4,1.8,2.75,1.5,0.8,0.0,-0.5,0.7,4.2,8.950000000000001
336,336,Mike Muscala,C,28,OKC,20,0,10.0,1.0,3.3,0.292,0.3,2.4,0.25,0.4,0.9,0.41200000000000003,0.385,0.5,0.5,0.9,0.4,1.7,2.5,1.0499999999999998,0.4,0.4,-0.15,1.1,3.0,7.5
337,337,Sviatoslav Mykhailiuk,SF,22,DET,29,6,17.7,2.2,5.3,0.409,0.8,3.8,0.42700000000000005,0.6,1.5,0.364,0.562,0.4,0.5,0.7859999999999999,0.2,1.1,1.75,1.9500000000000002,1.0,0.2,-0.4,1.3,6.3,11.6
338,338,Abdel Nader,SF,26,OKC,26,5,17.9,2.4,5.1,0.466,0.5,2.7,0.377,1.4,2.5,0.563,0.564,1.0,1.3,0.7879999999999999,0.3,1.5,2.25,1.0499999999999998,0.6,0.8,-0.5,1.5,6.8,11.500000000000002
339,339,Larry Nance,C,27,CLE,30,5,24.5,3.2,6.5,0.49200000000000005,0.5,2.9,0.337,2.2,3.6,0.615,0.5670000000000001,0.9,1.3,0.667,1.7,5.5,9.0,2.25,1.6,1.0,-0.5,1.6,8.2,22.05
340,340,Shabazz Napier,PG,28,MIN,20,6,20.3,2.9,8.1,0.36,0.6,4.6,0.261,1.7,3.5,0.493,0.435,1.8,2.1,0.833,0.2,2.2,3.0,5.85,2.4,0.6,-0.95,1.3,8.8,20.3
341,341,Raul Neto,PG,27,PHI,29,2,11.4,1.6,3.3,0.49,0.3,1.3,0.43200000000000005,1.1,2.0,0.525,0.573,0.2,0.3,0.75,0.1,0.9,1.25,2.25,1.0,0.2,-0.45,0.7,4.0,8.55
342,342,Georges Niang,PF,26,UTA,27,0,12.0,1.6,3.6,0.45799999999999996,0.5,2.3,0.419,0.7,1.3,0.529,0.594,0.3,0.4,0.7,0.2,1.4,2.125,0.6000000000000001,0.2,0.2,-0.25,1.4,4.5,7.875
343,343,Nerlens Noel,C,25,OKC,32,3,18.7,3.1,4.7,0.664,0.0,0.0,,3.1,4.7,0.664,0.664,1.7,2.2,0.797,1.6,3.4,6.375,1.9500000000000002,2.2,3.0,-0.55,2.6,7.9,20.875
344,344,Zach Norvell,SG,22,LAL,2,0,2.5,0.0,0.5,0.0,0.0,0.0,,0.0,0.5,0.0,0.0,0.0,0.0,,0.0,0.5,0.625,0.0,0.0,0.0,-0.0,0.0,0.0,0.625
345,345,Jaylen Nowell,SG,20,MIN,6,0,12.5,1.8,4.5,0.40700000000000003,0.15,2.7,0.125,1.5,1.8,0.818,0.444,1.2,1.3,0.875,0.2,0.5,0.875,1.2000000000000002,0.0,0.4,-0.25,0.5,5.2,7.575000000000001
346,346,Frank Ntilikina,PG,21,NYK,32,23,22.6,2.2,5.6,0.38799999999999996,0.4,2.5,0.33799999999999997,1.3,3.1,0.429,0.46299999999999997,0.7,0.8,0.852,0.3,1.7,2.625,4.800000000000001,2.4,0.8,-0.6,2.8,5.9,16.325
347,347,Kendrick Nunn,SG,24,MIA,33,33,30.7,6.3,14.2,0.447,1.05,6.0,0.35,4.2,8.2,0.517,0.52,1.2,1.6,0.7879999999999999,0.3,2.5,3.5,5.25,1.8,0.4,-0.95,2.4,16.0,27.05
348,348,David Nwaba,SF,27,BRK,20,0,13.4,1.9,3.6,0.521,0.3,1.4,0.429,1.3,2.2,0.581,0.606,0.9,1.4,0.667,0.4,1.9,2.875,0.6000000000000001,1.2,1.2,-0.2,1.6,5.2,11.174999999999999
349,349,Royce O'Neale,PF,26,UTA,33,30,29.4,2.4,4.9,0.479,0.7,3.0,0.45,1.0,1.9,0.524,0.617,0.4,0.5,0.778,0.2,4.7,6.125,3.75,1.6,0.6,-0.45,3.0,6.5,18.825000000000003
350,350,Kyle O'Quinn,C,29,PHI,19,1,10.3,1.4,2.8,0.491,0.15,0.9,0.33299999999999996,1.1,1.8,0.5710000000000001,0.547,0.2,0.4,0.375,1.2,2.6,4.625,2.25,0.2,1.6,-0.45,1.3,3.2,11.575
351,351,Semi Ojeleye,PF,25,BOS,30,4,15.1,0.9,2.4,0.389,0.3,1.5,0.37799999999999995,0.4,0.9,0.40700000000000003,0.507,0.2,0.3,0.7,0.3,1.6,2.375,0.75,0.8,0.2,-0.1,1.2,2.7,7.025
352,352,Jahlil Okafor,C,24,NOP,20,8,16.9,3.3,5.4,0.611,0.05,0.1,0.5,3.3,5.3,0.613,0.616,1.4,2.2,0.6509999999999999,1.7,2.8,5.625,2.25,0.6,1.6,-0.75,2.7,8.1,17.475
353,353,Elie Okobo,PG,22,PHO,25,1,11.2,1.7,3.8,0.442,0.3,1.4,0.389,1.1,2.4,0.475,0.516,1.1,1.7,0.628,0.2,0.9,1.375,3.3000000000000003,0.8,0.2,-0.2,0.8,5.0,10.775
354,354,Josh Okogie,SG,21,MIN,31,12,24.2,2.4,6.4,0.379,0.35,2.5,0.26899999999999996,1.7,3.9,0.45,0.43200000000000005,2.4,3.1,0.763,1.3,3.2,5.625,2.0999999999999996,1.8,0.8,-0.75,2.1,7.9,17.825
355,355,KZ Okpala,SF,20,MIA,3,0,1.0,0.0,0.0,,0.0,0.0,,0.0,0.0,,,0.0,0.0,,0.0,0.3,0.375,0.0,0.0,0.0,-0.15,0.0,0.0,0.225
356,356,Kelly Olynyk,C,28,MIA,33,0,20.8,2.6,5.7,0.455,0.75,3.4,0.425,1.2,2.3,0.5,0.5820000000000001,1.4,1.5,0.882,0.8,3.9,5.875,1.9500000000000002,1.4,0.6,-0.6,2.6,8.0,17.974999999999998
357,357,Miye Oni,SG,22,UTA,3,0,2.7,0.0,0.0,,0.0,0.0,,0.0,0.0,,,0.0,0.0,,0.0,0.3,0.375,0.0,0.0,0.0,-0.15,0.0,0.0,0.225
358,358,Cedi Osman,SF,24,CLE,33,33,28.6,3.8,8.8,0.428,0.85,4.6,0.371,2.1,4.2,0.489,0.524,0.8,1.3,0.605,0.5,2.9,4.25,3.3000000000000003,2.0,0.6,-0.65,2.1,10.0,20.35
359,359,Kelly Oubre,SF,24,PHO,34,34,33.4,6.4,14.0,0.457,0.85,5.0,0.349,4.6,9.0,0.516,0.519,3.5,4.4,0.792,1.3,4.8,7.5,2.55,3.0,1.4,-0.8,3.1,18.0,32.50000000000001
360,360,Jabari Parker,PF,24,ATL,31,23,26.5,6.3,12.5,0.506,0.5,3.6,0.27699999999999997,5.3,8.9,0.6,0.547,1.7,2.3,0.736,1.7,4.4,7.625,2.7,2.6,1.0,-0.95,2.9,15.4,28.875
361,361,Chandler Parsons,SF,31,ATL,5,0,10.8,1.0,3.6,0.278,0.4,2.8,0.28600000000000003,0.2,0.8,0.25,0.389,0.0,0.0,,0.2,1.2,1.75,0.8999999999999999,1.6,0.4,-0.3,0.6,2.8,7.55
362,362,Eric Paschall,PF,23,GSW,30,19,27.9,5.3,10.8,0.489,0.35,2.2,0.303,4.6,8.6,0.537,0.52,3.0,3.8,0.789,1.4,3.1,5.625,2.55,0.8,0.6,-0.75,1.9,14.3,23.475
363,363,Anžejs Pasečņiks,C,24,WAS,8,0,21.1,3.0,6.0,0.5,0.0,0.1,0.0,3.0,5.9,0.511,0.5,1.6,2.9,0.565,2.3,3.8,7.5,1.6500000000000001,0.8,0.6,-0.4,3.4,7.6,17.750000000000004
364,364,Patrick Patterson,PF,30,LAC,31,14,14.7,1.8,4.4,0.415,0.65,3.3,0.392,0.5,1.1,0.485,0.563,0.5,0.8,0.708,0.8,2.3,3.875,1.2000000000000002,0.4,0.2,-0.2,0.8,5.5,11.625000000000002
365,365,Justin Patton,C,22,OKC,2,0,4.5,0.5,1.5,0.33299999999999996,0.0,0.5,0.0,0.5,1.0,0.5,0.33299999999999996,0.0,0.0,,0.0,1.0,1.25,0.0,0.0,0.0,-0.25,2.0,1.0,2.0
366,366,Chris Paul,PG,34,OKC,33,33,31.8,5.6,12.0,0.46799999999999997,0.8,4.2,0.374,4.0,7.8,0.52,0.534,3.8,4.2,0.9059999999999999,0.3,4.5,6.125,9.75,3.2,0.4,-1.0,2.4,16.6,35.87500000000001
367,367,Elfrid Payton,PG,25,NYK,17,8,24.0,3.2,8.3,0.38299999999999995,0.25,1.9,0.273,2.6,6.4,0.41700000000000004,0.415,0.6,1.1,0.579,1.2,2.6,4.75,9.149999999999999,3.0,0.8,-0.9,1.9,7.5,24.55
368,368,Gary Payton,G,27,WAS,5,3,23.8,3.6,7.6,0.474,0.6,2.8,0.429,2.4,4.8,0.5,0.5529999999999999,0.4,0.8,0.5,1.8,3.8,7.0,4.5,6.4,0.8,-0.8,1.6,8.8,27.299999999999997
369,369,Norvel Pelle,SF,26,PHI,8,0,9.5,0.9,1.5,0.583,0.0,0.0,,0.9,1.5,0.583,0.583,0.5,0.8,0.667,0.6,2.1,3.5,0.8999999999999999,0.0,2.6,-0.4,2.0,2.3,8.899999999999999
370,370,Theo Pinson,SG,24,BRK,21,0,13.5,1.8,6.0,0.29600000000000004,0.3,3.0,0.20600000000000002,1.1,3.0,0.387,0.348,0.7,0.8,0.938,0.4,1.6,2.5,2.8499999999999996,1.0,0.2,-0.65,1.3,4.9,11.1
371,371,Mason Plumlee,C,29,DEN,33,1,17.2,2.8,4.8,0.5760000000000001,0.0,0.1,0.0,2.8,4.7,0.591,0.5760000000000001,1.5,2.6,0.5760000000000001,1.8,3.8,7.0,3.4499999999999997,1.2,1.4,-0.8,2.2,7.0,19.249999999999996
372,372,Vincent Poirier,C,26,BOS,9,0,4.9,0.8,1.6,0.5,0.0,0.0,,0.8,1.6,0.5,0.5,0.1,0.2,0.5,0.9,0.8,2.125,0.44999999999999996,0.4,0.4,-0.15,1.1,1.7,4.925000000000001
373,373,Jakob Pöltl,C,24,SAS,32,7,18.2,2.3,3.9,0.595,0.0,0.0,,2.3,3.9,0.595,0.595,0.8,1.4,0.545,2.0,3.8,7.375,2.7,1.2,2.8,-0.4,1.7,5.4,19.075000000000003
374,374,Shamorie Ponds,PG,21,TOR,4,0,2.8,0.8,1.3,0.6,0.15,0.5,0.5,0.5,0.8,0.667,0.7,0.5,0.5,1.0,0.0,0.3,0.375,0.75,0.0,0.6,-0.0,0.5,2.3,4.175
375,375,Jordan Poole,SG,20,GSW,29,9,21.7,2.2,8.6,0.254,0.55,4.6,0.242,1.1,4.0,0.267,0.319,1.6,1.9,0.8390000000000001,0.1,1.8,2.5,2.7,1.2,0.4,-0.55,1.7,7.1,13.899999999999997
376,376,Kevin Porter,SF,19,CLE,32,1,21.8,3.3,7.5,0.435,0.4,2.8,0.303,2.4,4.7,0.513,0.49200000000000005,1.2,1.6,0.765,0.3,2.9,4.125,3.0,1.8,0.4,-0.9,2.6,8.6,17.425
377,377,Michael Porter,PF,21,DEN,24,1,9.8,2.1,4.3,0.49,0.3,1.6,0.368,1.5,2.8,0.561,0.5579999999999999,0.4,0.5,0.769,0.9,1.9,3.5,0.6000000000000001,0.2,0.6,-0.3,1.3,5.3,10.199999999999998
378,378,Otto Porter,SF,26,CHI,9,9,25.1,3.9,9.3,0.41700000000000004,0.9,4.4,0.4,2.1,4.9,0.43200000000000005,0.512,1.7,2.2,0.75,0.9,2.6,4.25,2.4000000000000004,2.0,0.6,-0.4,2.2,11.2,20.950000000000003
379,379,Bobby Portis,C,24,NYK,34,2,21.5,3.9,8.9,0.43700000000000006,0.55,2.9,0.37,2.8,5.9,0.47,0.498,1.0,1.4,0.7390000000000001,1.5,4.4,7.25,1.7999999999999998,1.2,0.6,-0.5,1.8,9.9,20.800000000000004
380,380,Kristaps Porziņģis,PF,24,DAL,31,31,31.2,6.1,15.2,0.40299999999999997,1.1,6.4,0.34299999999999997,3.9,8.8,0.445,0.475,2.8,3.9,0.725,1.7,7.6,11.75,2.25,1.2,4.2,-0.85,3.0,17.3,36.95000000000001
381,381,Dwight Powell,C,28,DAL,30,27,26.2,3.2,5.3,0.606,0.15,1.0,0.3,2.9,4.3,0.677,0.634,1.8,2.7,0.6629999999999999,1.8,3.7,6.875,2.25,1.8,1.2,-0.4,2.4,8.5,20.375
382,382,Norman Powell,SG,26,TOR,27,16,28.9,5.2,10.5,0.493,0.95,4.9,0.389,3.3,5.7,0.5820000000000001,0.583,2.1,2.6,0.826,0.6,3.3,4.875,2.55,2.2,0.8,-0.8,1.9,14.4,24.975
383,383,Julius Randle,PF,25,NYK,34,34,32.0,6.9,15.0,0.45899999999999996,0.6,4.1,0.3,5.6,10.9,0.519,0.5,3.8,5.5,0.6990000000000001,2.2,6.7,11.25,4.949999999999999,1.4,0.2,-1.45,2.7,18.8,35.75
384,384,Cam Reddish,SF,20,ATL,31,21,25.9,2.8,8.7,0.321,0.5,3.8,0.261,1.8,4.9,0.368,0.37799999999999995,1.5,2.0,0.77,0.7,3.2,4.75,2.4000000000000004,2.0,0.8,-0.9,1.8,8.1,17.650000000000002
385,385,J.J. Redick,SG,35,NOP,32,28,28.4,4.8,10.9,0.44299999999999995,1.55,6.9,0.452,1.7,4.0,0.425,0.586,2.6,2.9,0.882,0.2,2.6,3.5,2.8499999999999996,0.6,0.4,-0.6,1.6,15.3,23.6
386,386,Naz Reid,C,20,MIN,4,0,10.5,2.5,7.0,0.35700000000000004,0.75,4.8,0.316,1.0,2.3,0.444,0.46399999999999997,0.3,0.5,0.5,0.3,1.5,2.25,0.75,0.6,1.0,-0.4,2.3,6.8,11.75
387,387,Josh Richardson,SG,26,PHI,28,28,31.6,5.6,12.8,0.436,0.9,5.0,0.355,3.8,7.8,0.488,0.506,2.1,2.7,0.7759999999999999,0.9,2.6,4.375,4.949999999999999,2.2,1.4,-1.05,2.8,15.0,27.774999999999995
388,388,Austin Rivers,SG,27,HOU,32,2,23.1,2.9,7.2,0.406,0.65,4.0,0.32,1.6,3.2,0.515,0.496,0.9,1.3,0.69,0.6,1.9,3.0,2.4000000000000004,1.2,0.4,-0.3,1.9,8.0,15.35
389,389,Duncan Robinson,SF,25,MIA,33,28,27.2,4.1,8.4,0.491,1.65,7.1,0.462,0.8,1.3,0.6509999999999999,0.6859999999999999,0.7,0.7,0.9570000000000001,0.2,3.0,3.875,1.35,1.2,0.6,-0.3,2.8,12.2,20.575000000000003
390,390,Glenn Robinson,SF,26,GSW,34,34,32.1,4.8,10.4,0.46,0.65,3.3,0.402,3.4,7.1,0.488,0.524,1.2,1.4,0.8540000000000001,1.4,3.1,5.75,2.4000000000000004,1.8,0.6,-0.45,1.8,12.1,22.85
391,391,Jerome Robinson,SG,22,LAC,27,0,11.5,1.3,3.7,0.34299999999999997,0.25,1.7,0.28300000000000003,0.8,2.0,0.396,0.409,0.3,0.6,0.5329999999999999,0.1,1.4,1.875,1.5,0.6,0.6,-0.35,1.4,3.3,7.775
392,392,Justin Robinson,PG,22,WAS,9,0,5.4,0.6,1.3,0.41700000000000004,0.15,0.6,0.6,0.2,0.8,0.28600000000000003,0.542,0.0,0.0,,0.1,0.4,0.75,1.2000000000000002,0.0,0.2,-0.15,0.2,1.4,3.5500000000000003
393,393,Mitchell Robinson,C,21,NYK,30,7,22.7,4.3,6.1,0.7070000000000001,0.0,0.0,,4.3,6.1,0.7070000000000001,0.7070000000000001,1.8,2.9,0.616,3.2,3.9,9.0,0.75,1.6,3.8,-0.3,3.5,10.4,25.25
394,394,Rajon Rondo,PG,33,LAL,22,1,21.2,2.8,6.9,0.408,0.55,2.8,0.387,1.7,4.1,0.42200000000000004,0.48700000000000004,0.6,0.9,0.737,0.5,2.9,4.25,8.100000000000001,2.0,0.2,-1.0,1.2,7.4,21.5
395,395,Derrick Rose,PG,31,DET,28,1,24.4,6.9,14.0,0.49,0.5,3.0,0.325,5.9,11.0,0.534,0.524,2.1,2.5,0.845,0.5,1.6,2.625,8.850000000000001,1.8,0.8,-1.25,0.9,16.8,30.125000000000004
396,396,Terrence Ross,SG,28,ORL,32,0,25.0,4.5,11.0,0.40700000000000003,1.0,6.1,0.335,2.4,4.9,0.49700000000000005,0.5,1.8,2.1,0.868,0.3,2.5,3.5,1.5,1.8,0.6,-0.5,1.6,12.8,20.700000000000003
397,397,Terry Rozier,PG,25,CHO,36,36,33.4,6.1,14.9,0.41200000000000003,1.2,6.4,0.381,3.7,8.5,0.436,0.494,2.4,2.8,0.843,0.8,3.6,5.5,6.449999999999999,2.4,0.4,-1.35,2.3,17.1,31.699999999999996
398,398,Ricky Rubio,PG,29,PHO,28,28,31.8,5.0,12.1,0.415,0.6,3.7,0.32,3.9,8.5,0.456,0.46299999999999997,2.7,3.1,0.852,0.8,4.0,5.875,13.950000000000001,2.6,0.4,-1.25,2.5,13.9,36.075
399,399,D'Angelo Russell,SG,23,GSW,22,22,31.4,8.1,18.8,0.433,1.7,9.3,0.363,4.8,9.5,0.502,0.523,3.6,4.7,0.767,0.3,3.1,4.25,9.0,1.8,0.8,-1.5,2.2,23.2,39.24999999999999
400,400,Domantas Sabonis,C,23,IND,32,32,34.1,7.0,13.8,0.508,0.15,1.1,0.278,6.7,12.7,0.528,0.519,3.2,4.4,0.73,3.3,10.0,16.625,6.0,1.6,1.2,-1.35,3.5,17.5,41.725
401,401,JaKarr Sampson,SF,26,IND,10,7,17.1,2.4,4.2,0.5710000000000001,0.1,1.0,0.2,2.2,3.2,0.688,0.595,0.2,0.7,0.28600000000000003,0.7,2.0,3.375,0.6000000000000001,1.0,1.2,-0.3,2.4,5.2,11.174999999999999
402,402,Dario Šarić,PF,25,PHO,34,34,26.8,4.0,9.1,0.44,0.75,4.4,0.331,2.5,4.6,0.544,0.521,1.3,1.5,0.846,1.6,5.2,8.625,3.0,1.4,0.6,-0.7,2.6,10.8,24.475
403,403,Tomáš Satoranský,PG,28,CHI,34,34,28.1,3.7,8.1,0.45799999999999996,0.6,3.1,0.39299999999999996,2.5,4.9,0.5,0.535,1.4,1.6,0.857,1.0,2.8,4.75,7.949999999999999,3.0,0.2,-1.05,1.9,10.1,25.549999999999997
404,404,Admiral Schofield,SF,22,WAS,20,2,11.4,1.1,2.7,0.389,0.3,1.8,0.314,0.5,1.0,0.526,0.491,0.4,0.5,0.8,0.2,1.1,1.625,0.8999999999999999,0.8,0.4,-0.2,1.7,3.1,6.925000000000001
405,405,Dennis Schröder,PG,26,OKC,32,0,30.2,7.0,15.0,0.467,0.9,5.2,0.34299999999999997,5.2,9.8,0.532,0.526,2.6,3.2,0.8320000000000001,0.3,3.6,4.875,5.550000000000001,1.4,0.6,-1.5,2.2,18.4,30.224999999999998
406,406,Mike Scott,PF,31,PHI,36,4,18.6,2.2,5.3,0.423,0.6,3.5,0.35200000000000004,1.0,1.8,0.563,0.54,0.3,0.4,0.8,0.7,2.5,4.0,0.8999999999999999,0.6,0.2,-0.2,1.3,6.0,12.1
407,407,Thabo Sefolosha,PF,35,HOU,23,0,9.9,0.7,2.1,0.33299999999999996,0.15,1.3,0.276,0.3,0.8,0.42100000000000004,0.41700000000000004,0.0,0.0,0.0,0.5,1.6,2.625,1.0499999999999998,0.8,0.4,-0.15,0.9,1.7,6.574999999999999
408,408,Collin Sexton,SG,21,CLE,33,33,30.6,7.0,15.5,0.45,0.4,3.0,0.273,6.2,12.5,0.493,0.47700000000000004,3.3,4.0,0.8240000000000001,1.0,2.2,4.0,3.4499999999999997,2.0,0.2,-1.05,2.1,18.0,26.999999999999996
409,409,Landry Shamet,SG,22,LAC,18,12,27.1,2.9,6.8,0.434,1.05,5.1,0.418,0.8,1.7,0.484,0.59,1.2,1.2,0.955,0.1,1.7,2.25,2.4000000000000004,0.8,0.4,-0.45,2.9,9.2,15.650000000000002
410,410,Iman Shumpert,SG,29,BRK,13,0,18.5,1.6,4.9,0.32799999999999996,0.3,2.5,0.242,1.0,2.4,0.419,0.391,0.3,0.5,0.5710000000000001,0.7,1.9,3.25,1.35,1.8,0.4,-0.4,1.6,4.2,10.9
411,411,Pascal Siakam,PF,25,TOR,27,27,36.6,9.4,20.5,0.457,1.25,6.3,0.392,6.9,14.2,0.486,0.517,3.9,4.7,0.813,1.4,6.6,10.0,5.4,2.0,2.0,-1.35,2.9,25.1,44.4
412,412,Chris Silva,PF,23,MIA,26,0,9.2,1.3,2.0,0.6729999999999999,0.0,0.1,0.0,1.3,1.9,0.7,0.6729999999999999,1.1,1.5,0.7,1.7,1.7,4.375,0.8999999999999999,0.4,1.2,-0.55,2.4,3.8,10.125
413,413,Ben Simmons,PG,23,PHI,34,34,35.1,5.9,10.5,0.56,0.05,0.1,0.4,5.8,10.4,0.563,0.563,2.6,4.5,0.588,1.7,5.4,8.875,12.75,4.4,1.2,-1.85,3.4,14.5,39.925
414,414,Anfernee Simons,SG,20,POR,35,1,22.1,3.6,8.7,0.41600000000000004,0.6,3.7,0.336,2.4,5.0,0.474,0.48700000000000004,1.1,1.4,0.76,0.4,2.1,3.125,1.9500000000000002,0.8,0.2,-0.45,2.1,9.5,15.725000000000001
415,415,Alen Smailagić,F,19,GSW,3,0,11.7,2.3,4.0,0.583,0.15,1.3,0.25,2.0,2.7,0.75,0.625,0.3,0.3,1.0,0.7,2.3,3.75,1.0499999999999998,0.0,1.4,-0.0,1.7,5.3,11.65
416,416,Marcus Smart,SG,25,BOS,22,16,31.3,4.0,10.6,0.373,1.0,6.3,0.319,2.0,4.3,0.45299999999999996,0.46799999999999997,1.4,1.7,0.816,1.0,2.5,4.25,6.75,2.8,0.8,-0.6,2.4,11.3,26.3
417,417,Dennis Smith,PG,22,NYK,21,1,16.1,2.0,6.0,0.325,0.3,2.0,0.293,1.4,4.0,0.341,0.373,0.7,1.4,0.5,0.6,1.5,2.625,4.050000000000001,1.0,0.6,-0.7,2.1,5.2,13.075000000000001
418,418,Ish Smith,PG,31,WAS,33,12,25.5,4.2,9.4,0.45,0.5,2.6,0.368,3.3,6.8,0.48200000000000004,0.502,0.8,1.2,0.6579999999999999,0.5,2.4,3.625,6.300000000000001,1.6,0.8,-0.6,1.5,10.2,22.425
419,419,Tony Snell,SF,28,DET,30,28,26.2,2.8,6.2,0.455,0.95,4.5,0.42200000000000004,0.9,1.7,0.5379999999999999,0.607,0.4,0.4,1.0,0.2,1.6,2.25,1.9500000000000002,1.0,0.4,-0.25,1.8,8.0,14.299999999999999
420,420,Omari Spellman,PF,22,GSW,32,0,16.5,2.4,5.6,0.425,0.3,1.7,0.345,1.8,3.9,0.46,0.478,1.2,1.5,0.7959999999999999,1.9,3.0,6.125,1.2000000000000002,1.2,1.0,-0.55,1.0,6.6,15.874999999999996
421,421,Max Strus,SG,23,CHI,2,0,3.0,1.0,1.5,0.667,0.0,0.5,0.0,1.0,1.0,1.0,0.667,0.5,0.5,1.0,0.5,0.0,0.625,0.0,0.0,0.0,-0.0,0.5,2.5,3.125
422,422,Edmond Sumner,PG,24,IND,11,2,13.8,1.6,4.2,0.391,0.2,1.4,0.267,1.3,2.8,0.452,0.435,0.4,0.6,0.5710000000000001,0.6,0.8,1.875,2.55,1.4,0.8,-0.25,1.5,4.0,10.575000000000001
423,423,Caleb Swanigan,PF,22,SAC,5,0,2.6,0.2,0.4,0.5,0.0,0.0,,0.2,0.4,0.5,0.5,0.2,0.4,0.5,0.2,0.8,1.25,0.0,0.4,0.8,-0.4,0.6,0.6,2.65
424,424,Jayson Tatum,PF,21,BOS,31,31,34.2,7.8,18.3,0.424,1.25,6.9,0.366,5.3,11.5,0.45899999999999996,0.493,3.3,3.9,0.8420000000000001,1.2,5.7,8.75,4.199999999999999,2.8,1.6,-1.15,2.2,21.3,38.75
425,425,Jeff Teague,PG,31,MIN,28,13,29.0,4.5,9.9,0.451,0.5,2.7,0.387,3.4,7.2,0.475,0.504,4.1,4.7,0.8640000000000001,0.5,2.4,3.5,9.45,1.6,0.8,-1.15,2.1,14.0,28.700000000000003
426,426,Garrett Temple,SG,33,BRK,32,23,29.5,3.7,9.9,0.373,1.05,6.5,0.322,1.6,3.4,0.47200000000000003,0.479,1.1,1.4,0.778,0.6,2.8,4.25,3.9000000000000004,1.8,1.0,-0.6,1.9,10.6,22.0
427,427,Daniel Theis,C,27,BOS,28,27,21.5,2.9,5.5,0.519,0.15,1.1,0.3,2.5,4.4,0.573,0.5489999999999999,1.0,1.4,0.6920000000000001,1.6,4.5,7.625,2.0999999999999996,1.0,3.0,-0.4,3.3,7.0,20.475
428,428,Isaiah Thomas,PG,30,WAS,24,21,25.1,4.8,11.5,0.419,1.05,5.1,0.415,2.7,6.4,0.42200000000000004,0.511,1.7,2.0,0.851,0.2,1.5,2.125,6.8999999999999995,1.0,0.4,-1.05,2.1,13.5,23.924999999999997
429,429,Khyri Thomas,SG,23,DET,2,0,3.0,0.0,0.0,,0.0,0.0,,0.0,0.0,,,0.5,1.0,0.5,0.0,0.0,0.0,0.0,0.0,0.0,-0.0,0.0,0.5,0.5
430,430,Matt Thomas,SG,25,TOR,12,0,11.3,1.7,3.1,0.541,0.6,2.2,0.5379999999999999,0.5,0.9,0.545,0.73,0.3,0.4,0.6,0.1,1.0,1.375,0.44999999999999996,0.6,0.0,-0.15,1.0,4.8,7.674999999999999
431,431,Tristan Thompson,C,28,CLE,32,32,31.4,5.4,10.7,0.509,0.05,0.2,0.429,5.3,10.5,0.51,0.513,1.9,3.2,0.588,4.0,6.2,12.625,3.3000000000000003,1.6,2.0,-0.9,2.3,12.8,31.475
432,432,Matisse Thybulle,SG,22,PHI,30,3,17.6,1.6,3.7,0.43799999999999994,0.5,2.2,0.46299999999999997,0.6,1.5,0.4,0.5760000000000001,0.5,0.8,0.667,0.3,0.8,1.375,1.7999999999999998,2.8,1.4,-0.45,2.1,4.8,12.225
433,433,Anthony Tolliver,PF,34,POR,25,8,16.5,1.1,3.2,0.34600000000000003,0.45,2.6,0.348,0.2,0.6,0.33299999999999996,0.488,0.4,0.6,0.7859999999999999,0.6,2.2,3.625,1.35,0.6,0.6,-0.4,1.5,3.6,9.825
434,434,Karl-Anthony Towns,C,24,MIN,23,23,33.9,9.0,17.5,0.514,1.8,8.5,0.418,5.4,9.0,0.604,0.615,4.9,6.2,0.7959999999999999,2.7,9.0,14.625,6.6000000000000005,2.0,2.6,-1.55,3.5,26.5,52.575
435,435,Gary Trent,SG,21,POR,22,1,11.5,1.4,3.5,0.385,0.5,2.3,0.41200000000000003,0.4,1.2,0.33299999999999996,0.519,0.2,0.2,1.0,0.2,0.9,1.375,0.75,0.8,0.2,-0.15,0.9,3.9,7.375
436,436,Allonzo Trier,PG,24,NYK,16,1,12.8,2.1,4.1,0.515,0.45,2.3,0.405,1.2,1.8,0.655,0.629,1.9,2.4,0.795,0.1,1.3,1.75,1.9500000000000002,0.2,0.6,-0.65,1.4,7.1,11.399999999999999
437,437,P.J. Tucker,PF,34,HOU,34,34,36.0,3.2,6.7,0.478,0.85,4.4,0.387,1.5,2.3,0.654,0.605,0.7,0.9,0.767,1.6,5.7,9.125,2.0999999999999996,2.4,0.8,-0.55,3.3,8.8,23.525
438,438,Rayjon Tucker,F,22,UTA,1,0,2.0,1.0,2.0,0.5,0.0,1.0,0.0,1.0,1.0,1.0,0.5,0.0,2.0,0.0,0.0,1.0,1.25,0.0,0.0,0.0,-0.0,0.0,2.0,3.25
439,439,Evan Turner,PG,31,ATL,18,0,12.8,1.3,3.5,0.381,0.0,0.3,0.0,1.3,3.2,0.414,0.381,0.7,0.8,0.857,0.4,1.6,2.5,3.0,0.8,0.8,-0.7,1.0,3.3,9.700000000000003
440,440,Myles Turner,C,23,IND,26,26,29.0,4.4,9.6,0.456,0.85,4.4,0.374,2.7,5.2,0.526,0.542,1.7,2.3,0.7170000000000001,1.3,4.4,7.125,1.7999999999999998,1.2,4.2,-0.65,2.3,12.1,26.625
441,441,Jonas Valančiūnas,C,27,MEM,31,31,25.0,6.1,10.3,0.594,0.3,1.3,0.439,5.5,9.0,0.616,0.622,1.6,2.1,0.742,2.6,7.1,12.125,2.8499999999999996,0.6,1.8,-1.05,2.6,14.4,31.025000000000002
442,442,Denzel Valentine,SF,26,CHI,20,0,13.0,2.4,5.9,0.41,0.7,3.6,0.389,1.0,2.3,0.444,0.53,0.3,0.3,1.0,0.2,1.9,2.5,1.6500000000000001,1.4,0.6,-0.3,1.4,6.5,13.049999999999999
443,443,Jarred Vanderbilt,SF,20,DEN,4,0,3.3,0.3,0.3,1.0,0.0,0.0,,0.3,0.3,1.0,1.0,0.0,0.0,,0.0,0.5,0.625,0.44999999999999996,0.0,0.0,-0.25,0.3,0.5,1.325
444,444,Fred VanVleet,PG,25,TOR,29,29,36.2,5.8,14.8,0.39399999999999996,1.3,6.8,0.37799999999999995,3.3,8.0,0.408,0.48,3.8,4.3,0.865,0.3,3.6,4.875,10.350000000000001,4.0,0.8,-1.3,2.3,18.0,38.025000000000006
445,445,Noah Vonleh,C,24,MIN,22,1,12.9,1.6,3.0,0.53,0.0,0.6,0.077,1.5,2.4,0.642,0.5379999999999999,0.9,1.1,0.833,1.3,2.8,5.125,1.5,0.8,0.4,-0.4,1.4,4.1,11.525
446,446,Nikola Vučević,C,29,ORL,23,23,31.3,7.2,15.9,0.455,0.75,4.3,0.354,5.7,11.6,0.49200000000000005,0.503,2.3,2.9,0.7759999999999999,2.5,8.2,13.375,4.949999999999999,2.0,2.0,-0.55,2.0,18.2,40.72500000000001
447,447,Dean Wade,PF,23,CLE,3,0,6.0,0.3,0.7,0.5,0.15,0.3,1.0,0.0,0.3,0.0,0.75,0.0,0.0,,0.0,0.7,0.875,0.0,0.6,0.0,-0.0,1.0,1.0,2.625
448,448,Moritz Wagner,C,22,WAS,21,4,20.4,4.4,7.6,0.581,0.5,2.7,0.39299999999999996,3.4,5.0,0.6829999999999999,0.65,1.7,2.0,0.8370000000000001,1.6,4.4,7.5,1.9500000000000002,1.4,1.2,-1.0,3.9,11.6,23.15
449,449,Kemba Walker,PG,29,BOS,30,30,32.3,7.5,17.3,0.43200000000000005,1.8,9.1,0.39799999999999996,3.8,8.2,0.469,0.537,3.9,4.5,0.8740000000000001,0.8,3.1,4.875,7.800000000000001,1.8,1.2,-1.15,1.6,22.5,38.825
450,450,Lonnie Walker,SG,21,SAS,24,0,10.2,2.0,4.3,0.452,0.2,1.0,0.36,1.6,3.3,0.48100000000000004,0.495,0.5,0.9,0.591,0.4,1.3,2.125,0.75,0.6,0.4,-0.3,1.2,4.8,8.575
451,451,Tyrone Wallace,SG,25,ATL,14,0,11.4,1.0,3.1,0.318,0.05,1.1,0.067,0.9,2.1,0.44799999999999995,0.33,0.8,1.2,0.647,0.2,1.4,2.0,1.35,1.0,0.2,-0.35,1.4,2.9,7.1499999999999995
452,452,Taurean Waller-Prince,SF,25,BRK,32,32,30.5,4.4,11.8,0.371,1.2,6.7,0.366,1.9,5.1,0.37799999999999995,0.475,1.0,1.3,0.78,0.8,5.9,8.5,3.1500000000000004,1.8,0.8,-1.05,2.8,12.2,26.599999999999998
453,453,Derrick Walton,PG,24,LAC,17,0,10.0,0.9,1.6,0.556,0.25,1.0,0.47100000000000003,0.4,0.6,0.7,0.7040000000000001,0.4,0.4,0.857,0.1,0.6,0.875,1.6500000000000001,0.4,0.0,-0.1,0.8,2.6,5.675000000000001
454,454,Brad Wanamaker,PG,30,BOS,31,0,18.7,2.1,4.9,0.431,0.25,1.4,0.35700000000000004,1.6,3.6,0.45899999999999996,0.48,2.0,2.3,0.9,0.4,1.7,2.625,4.199999999999999,1.4,0.6,-0.6,1.8,6.8,15.275
455,455,T.J. Warren,SF,26,IND,34,34,32.3,7.1,14.1,0.504,0.6,3.3,0.37200000000000005,5.9,10.7,0.545,0.5479999999999999,2.4,2.9,0.835,0.8,2.8,4.5,1.7999999999999998,1.8,0.8,-0.6,2.5,17.8,26.700000000000003
456,456,PJ Washington,PF,21,CHO,31,31,29.8,4.6,9.6,0.48200000000000004,0.75,3.5,0.42200000000000004,3.2,6.1,0.516,0.5589999999999999,1.7,2.6,0.659,0.9,4.3,6.5,2.55,2.0,1.8,-0.7,2.7,12.5,25.400000000000002
457,457,Yuta Watanabe,SG,25,MEM,4,0,4.5,0.8,1.5,0.5,0.15,0.5,0.5,0.5,1.0,0.5,0.583,0.0,0.0,,0.3,1.0,1.625,0.0,0.0,0.6,-0.15,0.3,1.8,4.0249999999999995
458,458,Tremont Waters,PG,22,BOS,3,0,9.3,1.7,4.0,0.41700000000000004,0.35,2.3,0.28600000000000003,1.0,1.7,0.6,0.5,0.7,0.7,1.0,0.0,0.7,0.875,1.5,0.6,1.4,-0.65,1.0,4.7,8.775
459,459,Russell Westbrook,PG,31,HOU,30,30,35.3,9.0,21.2,0.42700000000000005,0.55,4.9,0.231,7.9,16.3,0.486,0.45399999999999996,5.0,6.3,0.799,1.6,6.4,10.0,10.649999999999999,3.0,0.8,-2.2,3.8,24.2,46.99999999999999
460,460,Coby White,SG,19,CHI,34,0,24.2,4.2,11.4,0.37,0.95,5.4,0.35,2.3,6.0,0.389,0.45299999999999996,1.2,1.5,0.7879999999999999,0.3,3.2,4.5,3.3000000000000003,1.6,0.2,-0.75,1.3,11.5,21.3
461,461,Derrick White,SG,25,SAS,30,10,23.7,3.4,7.4,0.466,0.5,2.4,0.40299999999999997,2.5,5.0,0.49700000000000005,0.532,1.8,2.3,0.794,0.4,2.4,3.5,4.800000000000001,1.0,1.2,-0.6,2.1,9.6,19.999999999999996
462,462,Hassan Whiteside,C,30,POR,32,32,29.6,6.4,10.6,0.6,0.0,0.1,0.5,6.3,10.6,0.601,0.601,2.7,3.5,0.7609999999999999,3.9,9.7,17.0,1.9500000000000002,1.0,5.6,-1.0,2.9,15.5,40.050000000000004
463,463,Andrew Wiggins,SF,24,MIN,26,26,35.8,9.2,20.7,0.446,1.1,6.7,0.326,7.0,14.0,0.504,0.499,4.1,5.5,0.748,1.2,4.2,6.75,4.949999999999999,1.4,2.2,-1.25,2.5,24.8,39.95000000000001
464,464,Grant Williams,PF,21,BOS,29,1,15.1,1.1,3.1,0.35600000000000004,0.1,1.3,0.128,0.9,1.8,0.529,0.38299999999999995,0.7,0.9,0.8,0.7,1.5,2.75,1.35,0.6,1.0,-0.35,2.2,3.1,8.55
465,465,Johnathan Williams,F,24,WAS,4,3,19.0,1.3,2.0,0.625,0.0,0.3,0.0,1.3,1.8,0.7140000000000001,0.625,0.8,0.8,1.0,2.0,3.5,6.875,1.9500000000000002,0.0,1.0,-0.25,1.0,3.3,12.875
466,466,Kenrich Williams,PF,25,NOP,32,18,23.5,1.5,4.3,0.353,0.4,2.9,0.266,0.8,1.4,0.5329999999999999,0.442,0.3,0.8,0.375,1.5,3.8,6.75,2.4000000000000004,1.4,1.4,-0.35,2.4,4.1,16.099999999999998
467,467,Lou Williams,SG,33,LAC,32,4,30.3,6.3,15.1,0.413,0.85,4.9,0.353,4.5,10.3,0.442,0.47,4.8,5.7,0.845,0.4,2.6,3.75,9.45,1.4,0.4,-1.5,1.5,19.0,33.349999999999994
468,468,Marvin Williams,PF,33,CHO,31,0,20.5,2.5,5.4,0.473,0.6,3.0,0.39399999999999996,1.4,2.4,0.575,0.584,1.1,1.2,0.892,0.4,2.4,3.5,1.5,1.4,1.0,-0.35,1.8,7.4,15.05
469,469,Robert Williams,C,22,BOS,19,1,14.2,1.7,2.6,0.6729999999999999,0.0,0.0,,1.7,2.6,0.6729999999999999,0.6729999999999999,0.4,0.7,0.5710000000000001,1.2,3.4,5.75,1.6500000000000001,1.8,2.2,-0.4,1.8,3.9,14.9
470,470,Nigel Williams-Goss,PG,25,UTA,8,0,3.0,0.0,0.6,0.0,0.0,0.1,0.0,0.0,0.5,0.0,0.0,0.3,0.3,1.0,0.3,0.3,0.625,0.75,0.2,0.2,-0.15,0.1,0.3,1.9250000000000003
471,471,D.J. Wilson,PF,23,MIL,19,0,10.8,1.6,3.6,0.456,0.3,2.1,0.275,1.1,1.5,0.7140000000000001,0.537,0.1,0.2,0.667,0.3,1.9,2.75,1.0499999999999998,0.0,0.4,-0.3,0.9,3.9,8.1
472,472,Justise Winslow,SF,23,MIA,10,5,33.7,5.0,12.7,0.39399999999999996,0.3,2.6,0.231,4.4,10.1,0.436,0.41700000000000004,1.8,2.7,0.667,1.6,5.5,8.875,6.449999999999999,1.2,0.8,-1.15,3.6,12.4,28.875000000000004
473,473,Christian Wood,PF,24,DET,30,0,16.0,3.4,5.6,0.613,0.3,1.4,0.395,2.9,4.2,0.688,0.664,1.9,2.9,0.6629999999999999,1.4,3.6,6.25,0.8999999999999999,0.6,1.6,-0.5,1.0,9.3,18.450000000000003
474,474,Delon Wright,SG,27,DAL,31,2,20.6,2.9,5.9,0.49200000000000005,0.3,1.7,0.377,2.3,4.2,0.5379999999999999,0.546,1.4,1.6,0.86,0.9,2.7,4.375,4.949999999999999,3.0,0.6,-0.4,1.2,7.8,20.625
475,475,Thaddeus Young,PF,31,CHI,33,0,21.7,3.5,8.8,0.39299999999999996,0.55,3.3,0.324,2.4,5.5,0.434,0.45299999999999996,0.7,1.2,0.605,1.5,2.9,5.5,2.8499999999999996,2.0,0.4,-0.75,1.8,8.7,19.25
476,476,Trae Young,PG,21,ATL,31,31,34.9,9.3,20.9,0.444,1.7,9.3,0.368,5.9,11.6,0.504,0.525,6.5,7.7,0.845,0.5,3.8,5.375,12.450000000000001,2.4,0.2,-2.35,1.5,28.5,48.275000000000006
477,477,Cody Zeller,C,27,CHO,33,20,23.5,4.5,8.4,0.542,0.25,1.6,0.28300000000000003,4.1,6.8,0.603,0.569,2.1,3.1,0.6859999999999999,2.9,4.6,9.375,1.7999999999999998,1.2,0.8,-0.75,2.5,11.7,24.375
478,478,Ante Žižić,C,23,CLE,11,0,8.9,1.6,2.8,0.581,0.0,0.0,,1.6,2.8,0.581,0.581,0.8,0.9,0.9,0.6,1.6,2.875,0.0,0.4,0.6,-0.05,1.0,4.1,7.925
479,479,Ivica Zubac,C,22,LAC,35,33,17.4,3.3,5.6,0.5870000000000001,0.0,0.1,0.0,3.3,5.5,0.593,0.5870000000000001,1.9,2.6,0.7390000000000001,2.5,4.3,8.5,1.35,0.4,1.8,-0.5,2.4,8.5,20.05
